-- MySQL dump 10.13  Distrib 8.0.36, for Linux (x86_64)
--
-- Host: localhost    Database: LianaDB
-- ------------------------------------------------------
-- Server version	8.0.36-0ubuntu0.22.04.1

/*!40101 SET @OLD_CHARACTER_SET_CLIENT=@@CHARACTER_SET_CLIENT */;
/*!40101 SET @OLD_CHARACTER_SET_RESULTS=@@CHARACTER_SET_RESULTS */;
/*!40101 SET @OLD_COLLATION_CONNECTION=@@COLLATION_CONNECTION */;
/*!50503 SET NAMES utf8mb4 */;
/*!40103 SET @OLD_TIME_ZONE=@@TIME_ZONE */;
/*!40103 SET TIME_ZONE='+00:00' */;
/*!40014 SET @OLD_UNIQUE_CHECKS=@@UNIQUE_CHECKS, UNIQUE_CHECKS=0 */;
/*!40014 SET @OLD_FOREIGN_KEY_CHECKS=@@FOREIGN_KEY_CHECKS, FOREIGN_KEY_CHECKS=0 */;
/*!40101 SET @OLD_SQL_MODE=@@SQL_MODE, SQL_MODE='NO_AUTO_VALUE_ON_ZERO' */;
/*!40111 SET @OLD_SQL_NOTES=@@SQL_NOTES, SQL_NOTES=0 */;

--
-- Table structure for table `citations`
--

DROP TABLE IF EXISTS `citations`;
/*!40101 SET @saved_cs_client     = @@character_set_client */;
/*!50503 SET character_set_client = utf8mb4 */;
CREATE TABLE `citations` (
  `id` int DEFAULT NULL,
  `author` varchar(200) DEFAULT NULL,
  `year` year DEFAULT NULL,
  `title` varchar(1000) DEFAULT NULL,
  `journal` varchar(2000) DEFAULT NULL,
  `vol` int DEFAULT NULL,
  `page` varchar(20) DEFAULT NULL,
  `url` varchar(2083) DEFAULT NULL,
  `doi` varchar(2083) DEFAULT NULL
) ENGINE=InnoDB DEFAULT CHARSET=utf8mb4 COLLATE=utf8mb4_0900_ai_ci;
/*!40101 SET character_set_client = @saved_cs_client */;

--
-- Dumping data for table `citations`
--

LOCK TABLES `citations` WRITE;
/*!40000 ALTER TABLE `citations` DISABLE KEYS */;
INSERT INTO `citations` VALUES (1,'Sperry et al.',2007,'Hydraulic consequences of vessel evolution in angiosperms','International Journal of Plant Sciences',168,'1127-1139','https://www.jstor.org/stable/10.1086/520726','10.1086/520726'),(2,'van der Sande et al.',2014,'Are lianas more drought-tolerant than trees? A test for the role of hydraulic architecture and other stem and leaf traits','Oecologia',172,'961-972','https://link.springer.com/article/10.1007/s00442-012-2563-x','10.1007/s00442-012-2563-x'),(3,'De Guzman et al.',2016,'Trade-offs between water transport capacity and drought resistance in neotropical canopy liana and tree species','Tree Physiology',NULL,'','https://pubmed.ncbi.nlm.nih.gov/27672189/','10.1093/treephys/tpw086'),(4,'Gartner et al.',1990,'Water Transport Properties of Vine and Tree Stems in a Tropical Deciduous Forest','American Journal of Botany',77,'742-749','https://www.jstor.org/stable/2444366','10.2307/2444366'),(5,'Johnson et al.',2013,'Contrasting hydraulic strategies in two tropical lianas and their host trees','American Journal of Botany',100,'374-383','https://www.jstor.org/stable/23433134','10.3732/ajb.1200590'),(6,'Zhu et al.',2017,'Different hydraulic traits of woody plants from tropical forests with contrasting soil water availability','Tree Physiology',37,'1469-1477','https://academic.oup.com/treephys/article/37/11/1469/3979163','10.1093/treephys/tpx094'),(7,'Werden et al.',2017,'Tropical dry forest trees and lianas differ in leaf economic spectrum traits but have overlapping water-use strategies','Tree Physiology',NULL,'','https://pubmed.ncbi.nlm.nih.gov/29087514/','10.1093/treephys/tpx135'),(8,'Chen et al.',2017,'Physiological regulation and efficient xylem water transport regulate diurnal water and carbon balances of tropical lianas','Functional Ecology',31,'306-317','https://besjournals.onlinelibrary.wiley.com/doi/10.1111/1365-2435.12724','10.1111/1365-2435.12724'),(9,'Feild and Balun',2008,'Xylem hydraulic and photosynthetic function of Gnetum (Gnetales) species from Papua New Guinea','New Phytologist',177,'665-675','https://nph.onlinelibrary.wiley.com/doi/10.1111/j.1469-8137.2007.02306.x#:~:text=Gnetum%20(Gnetales)%20species%20are%20suggested,with%20all%20other%20extant%20gymnosperms.','10.1111/j.1469-8137.2007.02306.x'),(10,'Zhu and Cao',2009,'Hydraulic properties and photosynthetic rates in cooccurring lianas and trees in a seasonal tropical rainforest in southwestern China','Plant Ecology',204,'295-304','https://link.springer.com/article/10.1007/s11258-009-9592-5','10.1007/s11258-009-9592-5'),(11,'Gu et al.',2021,'Photosynthetic parameters and nutrient content of trees at the Panama crane sites','NGEE Tropics Data Collection',NULL,'','https://ngt-data.lbl.gov/dois/NGT0004/','10.15486/NGT/1255260'),(12,'Norby et al.',2016,'Informing models through empirical relationships between foliar phosphorus, nitrogen and photosynthesis across diverse woody species in tropical forests of Panama','New Phytologist',215,'1425-1437','https://nph.onlinelibrary.wiley.com/doi/10.1111/nph.14319','10.1111/nph.14319'),(13,'Slot and Winter',2017,'In situ temperature response of photosynthesis of 42 tree and liana species in the canopy of two Panamanian lowland tropical forests with contrasting rainfall regimes','New Phytologist',214,'1103-1117','https://nph.onlinelibrary.wiley.com/doi/full/10.1111/nph.14469','10.1111/nph.14469'),(14,'Cai et al.',2009,'Seasonal differences in leaf-level physiology give lianas a competitive advantage over trees in a tropical seasonal forest','Oecologia',161,'25-33','https://link.springer.com/article/10.1007/s00442-009-1355-4','10.1007/s00442-009-1355-4'),(15,'Avalos et al.',2007,'Colonization Strategies of Two Liana Species in a Tropical Dry Forest Canopy','Biotropica',39,'393-399','https://onlinelibrary.wiley.com/doi/10.1111/j.1744-7429.2007.00265.x','10.1111/j.1744-7429.2007.00265.x'),(16,'Brenes-Arguedas et al.',2013,'Plant traits in relation to the performance and distribution of woody species in wet and dry tropical forest types in Panama','Functional Ecology',27,'392-402','https://besjournals.onlinelibrary.wiley.com/doi/full/10.1111/1365-2435.12036','10.1111/1365-2435.12036'),(17,'Bucci et al.',2004,'Functional convergence in hydraulic architecture and water relations of tropical savanna trees: from leaf to whole plant','Tree Physiology',24,'891-899','https://academic.oup.com/treephys/article/24/8/891/1670327','10.1093/treephys/24.8.891'),(18,'Bucci et al.',2006,'Nutrient availability constrains the hydraulic architecture and water relations of savannah trees','Plant, Cell & Environment',29,'2153-2167','https://onlinelibrary.wiley.com/doi/full/10.1111/j.1365-3040.2006.01591.x','10.1111/j.1365-3040.2006.01591.x'),(19,'Chen et al.',2015,'Water-use advantage for lianas over trees in tropical seasonal forests','New Phytologist',205,'128-136','https://nph.onlinelibrary.wiley.com/doi/full/10.1111/nph.13036','10.1111/nph.13036'),(20,'Chen et al.',2014,'Different biomechanical design and ecophysiological strategies in juveniles of two liana species with contrasting growth habit','American Journal of Botany',101,'925-934','https://pubmed.ncbi.nlm.nih.gov/24907257/','10.3732/ajb.1300429'),(21,'Santiago and Wright',2007,'Leaf functional traits of tropical forest plants in relation to growth form','Functional Ecology',21,'19-27','https://besjournals.onlinelibrary.wiley.com/doi/10.1111/j.1365-2435.2006.01218.x','10.1111/j.1365-2435.2006.01218.x'),(22,'Van der Sande et al.',2013,'Are lianas more drought-tolerant than trees? A test for the role of hydraulic architecture and other stem and leaf traits','Oecologia',172,'961-972','https://link.springer.com/article/10.1007/s00442-012-2563-x','10.1007/s00442-012-2563-x'),(23,'Feild et al.',2009,'Ancestral xerophobia: a hypothesis on the whole plant ecophysiology of early angiosperms','Geobiology',7,'','https://pubmed.ncbi.nlm.nih.gov/19260972/','10.1111/j.1472-4669.2009.00189.x'),(24,'Feild and Isnard',2013,'Climbing Habit and Ecophysiology of Schisandra glabra (Schisandraceae): Implications for the Early Evolution of Angiosperm Lianescence','International Journal of Plant Sciences',174,'','https://www.journals.uchicago.edu/doi/abs/10.1086/671808','10.1086/671808'),(25,'Feild et al.',2012,'The evolution of angiosperm lianescence without vessels – climbing mode and wood structure–function in Tasmannia cordata (Winteraceae)','New Phytologist',193,'229-240','https://nph.onlinelibrary.wiley.com/doi/10.1111/j.1469-8137.2011.03917.x','10.1111/j.1469-8137.2011.03917.x'),(26,'Van der Sande et al.',2019,'The hydraulic efficiency–safety trade-off differs between lianas and trees','Ecology',100,'','https://esajournals.onlinelibrary.wiley.com/doi/10.1002/ecy.2666','10.1002/ecy.2666'),(27,'Maréchaux unpublished data',NULL,'','',NULL,'','',''),(28,'Werden et al.',2018,'Tropical dry forest trees and lianas differ in leaf economic spectrum traits but have overlapping water-use strategies','Tree Physiology',38,'517-530','https://academic.oup.com/treephys/article/38/4/517/4566185','10.1093/treephys/tpx135'),(29,'Carvalho et al.',2015,'Hydraulic architecture of lianas in a semiarid climate: efficiency or safety?','Acta Botanica Brasilica',29,'','https://www.scielo.br/j/abb/a/kDVdKswGnHSxCRGwDLwXLgF/?lang=en','10.1590/0102-33062014abb3754'),(30,'Feild et al.',2003,'Ecophysiological Shade Adaptation in the Basal Angiosperm, Austrobaileya scandens (Austrobaileyaceae)','International Journal of Plant Sciences',164,'313-324','https://www.jstor.org/stable/10.1086/346167','10.1086/346167'),(31,'Slot et al.',2014,'Thermal acclimation of leaf respiration of tropical trees and lianas: response to experimental canopy warming, and consequences for tropical forest carbon balance','Global Change Biology',20,'2915-2926','https://onlinelibrary.wiley.com/doi/10.1111/gcb.12563','10.1111/gcb.12563'),(32,'Maréchaux et al.',2015,'Stronger seasonal adjustment in leaf turgor loss point in lianas than trees in an Amazonian forest','Biology letters',13,'','https://royalsocietypublishing.org/doi/10.1098/rsbl.2016.0819','10.1098/rsbl.2016.0819'),(33,'Lianhong et al.',2021,'Photosynthetic parameters and nutrient content of trees at the Panama crane sites','NGEE Tropics Data Collection',NULL,'','https://www.osti.gov/biblio/1255260','10.1111/nph.14319'),(34,'Slot et al.',2014,'Trait-based scaling of temperature-dependent foliar respiration in a species-rich tropical forest canopy','Functional ecology',28,'1074–1086','https://besjournals.onlinelibrary.wiley.com/doi/full/10.1111/1365-2435.12263','10.1111/1365-2435.12263');
/*!40000 ALTER TABLE `citations` ENABLE KEYS */;
UNLOCK TABLES;

--
-- Table structure for table `covariates`
--

DROP TABLE IF EXISTS `covariates`;
/*!40101 SET @saved_cs_client     = @@character_set_client */;
/*!50503 SET character_set_client = utf8mb4 */;
CREATE TABLE `covariates` (
  `id` int DEFAULT NULL,
  `variable` varchar(200) DEFAULT NULL,
  `level` float DEFAULT NULL,
  `stat` float DEFAULT NULL,
  `statname` varchar(200) DEFAULT NULL
) ENGINE=InnoDB DEFAULT CHARSET=utf8mb4 COLLATE=utf8mb4_0900_ai_ci;
/*!40101 SET character_set_client = @saved_cs_client */;

--
-- Dumping data for table `covariates`
--

LOCK TABLES `covariates` WRITE;
/*!40000 ALTER TABLE `covariates` DISABLE KEYS */;
/*!40000 ALTER TABLE `covariates` ENABLE KEYS */;
UNLOCK TABLES;

--
-- Table structure for table `sites`
--

DROP TABLE IF EXISTS `sites`;
/*!40101 SET @saved_cs_client     = @@character_set_client */;
/*!50503 SET character_set_client = utf8mb4 */;
CREATE TABLE `sites` (
  `id` int DEFAULT NULL,
  `name` varchar(200) DEFAULT NULL,
  `country` varchar(200) DEFAULT NULL,
  `lat` float DEFAULT NULL,
  `lon` float DEFAULT NULL
) ENGINE=InnoDB DEFAULT CHARSET=utf8mb4 COLLATE=utf8mb4_0900_ai_ci;
/*!40101 SET character_set_client = @saved_cs_client */;

--
-- Dumping data for table `sites`
--

LOCK TABLES `sites` WRITE;
/*!40000 ALTER TABLE `sites` DISABLE KEYS */;
INSERT INTO `sites` VALUES (1,'Barro Colorado Island','Panama',9.15,-79.86),(2,'XTBG','China',21.9,101.77),(3,'Parque Natural Metropolitano','Panama',8.98,-79.55),(4,'Parque Nacional San Lorenzo ','Panama',9.28,-79.97),(5,'Kau Wildlife Preserve','Papua New Guinea',-5.13,145.68),(6,'Parque Nacional Soberania','Panama',9.17,-79.12),(7,'Unknown','USA',35.13,-83.59),(8,'Ciudad del Saber','Panama',9.01,-79.58),(9,'Serra das Almas Private Natural Heritage Reserve','Brazil',-5.12,-40.93),(10,'Estacion de Biologia Chamel','Mexico',19.5,-105.05),(11,'Mount Bartle Frere','Australia',-17.53,145.58),(12,'Parque Natural Metropolitano','Panama',8.99,-79.55),(13,'Queensland','Australia',-16.56,145.28),(14,'Georgia','USA',34.67,-83.35),(15,'New South Wales','Australia',-29.25,152.12),(16,'Nouragues','French Guiana',4.08,-52.67),(17,'Estación Experimental Forestal Horizontes','Costa Rica',10.72,-85.59);
/*!40000 ALTER TABLE `sites` ENABLE KEYS */;
UNLOCK TABLES;

--
-- Table structure for table `species`
--

DROP TABLE IF EXISTS `species`;
/*!40101 SET @saved_cs_client     = @@character_set_client */;
/*!50503 SET character_set_client = utf8mb4 */;
CREATE TABLE `species` (
  `id` int DEFAULT NULL,
  `genus` varchar(200) DEFAULT NULL,
  `species` varchar(200) DEFAULT NULL,
  `scientific_name` varchar(200) DEFAULT NULL,
  `growth_form` enum('liana','tree','grass','shrub') DEFAULT NULL
) ENGINE=InnoDB DEFAULT CHARSET=utf8mb4 COLLATE=utf8mb4_0900_ai_ci;
/*!40101 SET character_set_client = @saved_cs_client */;

--
-- Dumping data for table `species`
--

LOCK TABLES `species` WRITE;
/*!40000 ALTER TABLE `species` DISABLE KEYS */;
INSERT INTO `species` VALUES (1,'bonamia','trichantha','bonamia trichantha','liana'),(2,'combretum','fruticosum','combretum fruticosum','liana'),(3,'cnestidium','rufescens','cnestidium rufescens','liana'),(4,'connarus','panamensis','connarus panamensis','liana'),(5,'machaerium','microphyllum','machaerium microphyllum','liana'),(6,'peritassa','pruinosa','peritassa pruinosa','liana'),(7,'bauhinia','glauca','bauhinia glauca','liana'),(8,'bauhinia','yunnanensis','bauhinia yunnanensis','liana'),(9,'byttneria','aspera','byttneria aspera','liana'),(10,'celastrus','paniculatus','celastrus paniculatus','liana'),(11,'ficus','subulata','ficus subulata','liana'),(12,'fissistigma','polyanthoides','fissistigma polyanthoides','liana'),(13,'fissistigma','polyanthum','fissistigma polyanthum','liana'),(14,'gnetum','parvifolium','gnetum parvifolium','liana'),(15,'lodes','covalis','lodes covalis','liana'),(16,'millettia','dielsiana','millettia dielsiana','liana'),(17,'millettia','oosperma','millettia oosperma','liana'),(18,'securidaca','inappendiculata','securidaca inappendiculata','liana'),(19,'tetrastigma','planicaulum','tetrastigma planicaulum','liana'),(20,'tinomiscium','tokinesis','tinomiscium tokinesis','liana'),(21,'uncaria','macrophylla','uncaria macrophylla','liana'),(22,'uncaria','rhynchophylla','uncaria rhynchophylla','liana'),(23,'ventilago','calyculata','ventilago calyculata','liana'),(24,'ziziphus','attopensis','ziziphus attopensis','liana'),(25,'acacia','pennata','acacia pennata','liana'),(26,'bauhinia','aurea','bauhinia aurea','liana'),(27,'bauhinia','tenuiflora','bauhinia tenuiflora','liana'),(28,'byttneria','integrifolia','byttneria integrifolia','liana'),(29,'celastrus','virens','celastrus virens','liana'),(30,'combretum','latifolium','combretum latifolium','liana'),(31,'dregea','volubilis','dregea volubilis','liana'),(32,'gnetum','montanum','gnetum montanum','liana'),(33,'loeseneriella','yunnanensis','loeseneriella yunnanensis','liana'),(34,'millettia','pachycarpa','millettia pachycarpa','liana'),(35,'mucuna','interrupta','mucuna interrupta','liana'),(36,'pristimera','arborea','pristimera arborea','liana'),(37,'quisqualis','caudata','quisqualis caudata','liana'),(38,'strychnos','wallichiana','strychnos wallichiana','liana'),(39,'tetrastigma','xishuangbannaense','tetrastigma xishuangbannaense','liana'),(40,'gnetum','NULL','gnetum','liana'),(41,'gnetum','latifolium','gnetum latifolium','liana'),(42,'austrobaileya','scandens','austrobaileya scandens','liana'),(43,'schisandra','glabra','schisandra glabra','liana'),(44,'tasmannia','cordata','tasmannia cordata','liana'),(45,'abuta','panamesis','abuta panamesis','liana'),(46,'anomospermum','reticulatum','anomospermum reticulatum','liana'),(47,'arrabidaea','verrucosa','arrabidaea verrucosa','liana'),(48,'cayaponia','granatensis','cayaponia granatensis','liana'),(49,'doliocarpus','dentatus','doliocarpus dentatus','liana'),(50,'heisteria','scandens','heisteria scandens','liana'),(51,'maripa','panamensis','maripa panamensis','liana'),(52,'paullinia','fibrigera','paullinia fibrigera','liana'),(53,'phryganocydia','corymbosa','phryganocydia corymbosa','liana'),(54,'pleonotoma','variabilis','pleonotoma variabilis','liana'),(55,'tontelea','richardii','tontelea richardii','liana'),(56,'amphilophium','paniculatum','amphilophium paniculatum','liana'),(57,'aristolochia','tonduzii','aristolochia tonduzii','liana'),(58,'cissus','erosa','cissus erosa','liana'),(59,'passiflora','vitifolia','passiflora vitifolia','liana'),(60,'pithecoctenium','crucigerum','pithecoctenium crucigerum','liana'),(61,'stigmaphyllon','hypargyreum','stigmaphyllon hypargyreum','liana'),(62,'vitis','tiliifolia','vitis tiliifolia','liana'),(63,'gouania','lupuloides','gouania lupuloides','liana'),(64,'mikania','leiostachya','mikania leiostachya','liana'),(65,'serjania','mexicana','serjania mexicana','liana'),(66,'quisqualis','indica','quisqualis indica','liana'),(67,'callichlamys','latifolia','callichlamys latifolia','liana'),(68,'clitoria','javitensis','clitoria javitensis','liana'),(69,'combretum','decandrum','combretum decandrum','liana'),(70,'machaerium','seemannii','machaerium seemannii','liana'),(71,'paullinia','glomerulosa','paullinia glomerulosa','liana'),(72,'paullinia','rugosa','paullinia rugosa','liana'),(73,'senna','undulata','senna undulata','liana'),(74,'stizophyllum','riparium','stizophyllum riparium','liana'),(75,'tetracera','portobellensis','tetracera portobellensis','liana'),(76,'bauhinia','reflexa','bauhinia reflexa','liana'),(77,'coccoloba','parimensis','coccoloba parimensis','liana'),(78,'davilla','nitida','davilla nitida','liana'),(79,'doliocarpus','multiflorus','doliocarpus multiflorus','liana'),(80,'hiraea','smilacina','hiraea smilacina','liana'),(81,'machaerium','floribundum','machaerium floribundum','liana'),(82,'mendoncia','litoralis','mendoncia litoralis','liana'),(83,'tontelea','ovalifolia','tontelea ovalifolia','liana'),(84,'marsdenia','sinensis','marsdenia sinensis','liana'),(85,'prionostemma','aspera','prionostemma aspera','liana'),(86,'trichostigma','octandrum','trichostigma octandrum','liana'),(87,'arrabidaea','pubescens(rbcl)','arrabidaea pubescens(rbcl) / fridericia pubescens(trnl)','liana'),(88,'bauhinia','NULL','bauhinia','liana'),(89,'bauhinia','guianensis','bauhinia guianensis','liana'),(90,'bauhinia','hymenaeifolia','bauhinia hymenaeifolia','liana'),(91,'bignonia','capreolata(rbcl)','bignonia capreolata(rbcl) / galactia striata(trnl)','liana'),(92,'canavalia','rosea','canavalia rosea cfdioclea(rbcl) / galactia striata(trnl)','liana'),(93,'clusia','NULL','clusia','liana'),(94,'coccoloba','uvifera','coccoloba uvifera','liana'),(95,'dicranostyles','mildbraediana','dicranostyles mildbraediana','liana'),(96,'ficus','NULL','ficus','liana'),(97,'fridericia','pubescens','fridericia pubescens','liana'),(98,'heteropterys','chrysophylla','heteropterys chrysophylla','liana'),(99,'hiraea','smilacina(rbcl)','hiraea smilacina(rbcl) / flabellariopsis acuminata(trnl)','liana'),(100,'inga','sp.(rbcl)','inga sp.(rbcl) / inga leiocalycina(trnl)','liana'),(101,'macfadyena','unguis-cati','macfadyena unguis-cati','liana'),(102,'macfadyena','unguis-cati(rbcl)','macfadyena unguis-cati(rbcl) / adenocalymma moringifolium(trnl)','liana'),(103,'macfadyena','unguis-cati(rbcl)','macfadyena unguis-cati(rbcl) / stizophyllum perforatum(trnl)','liana'),(104,'mandevilla','sanderi(rbcl)','mandevilla sanderi(rbcl) / forsteronia acouci(trnl)','liana'),(105,'millettia','grandis','millettia grandis','liana'),(106,'musanga','cecropioides(rbcl)','musanga cecropioides(rbcl) / pourouma tomentosa(trnl)','liana'),(107,'petrea','volubilis','petrea volubilis','liana'),(108,'serjania','communis(rbcl)','serjania communis(rbcl) / paullinia meliifolia(trnl)','liana'),(109,'serjania','glabrata','serjania glabrata','liana'),(110,'serjania','polyphylla(rbcl)','serjania polyphylla(rbcl) / paullinia meliifolia(trnl)','liana'),(111,'solanum','sp.','solanum sp.','liana'),(112,'bignoniaceae','NULL','bignoniaceae','liana'),(113,'cissus','fuliginea','cissus fuliginea','liana'),(114,'combretum','farinosum','combretum farinosum','liana'),(115,'cydista','diversifolia','cydista diversifolia','liana'),(116,'gouania','polygama','gouania polygama','liana'),(117,'mansoa','hymenaea','mansoa hymenaea','liana'),(118,'mimosa','tenuiflora','mimosa tenuiflora','liana'),(119,'tetracera','volubilis','tetracera volubilis','liana'),(120,'arrabidaea','pattellifera','arrabidaea pattellifera','liana'),(121,'hiraea','reclinata','hiraea reclinata','liana'),(122,'mikania','leiostacya','mikania leiostacya','liana'),(123,'fridericia','caudigera','fridericia caudigera','liana'),(124,'fridericia','chica','fridericia chica','liana'),(125,'fridericia','dispar','fridericia dispar','liana'),(126,'gonocaryum','NULL','gonocaryum','liana'),(127,'piper','betle','piper betle','liana'),(128,'tinospora','NULL','tinospora','liana'),(129,'adenocalymma','inundatum','adenocalymma inundatum','liana'),(130,'aristolochia','taliscana','aristolochia taliscana','liana'),(131,'dieterlea','fusiformis','dieterlea fusiformis','liana'),(132,'entada','polystachya','entada polystachya','liana'),(133,'gaudichaudia','mcvaughii','gaudichaudia mcvaughii','liana'),(134,'gouania','rosei','gouania rosei','liana'),(135,'ipomoea','bracteata','ipomoea bracteata','liana'),(136,'passiflora','juliana','passiflora juliana','liana'),(137,'serjania','brachycarpa','serjania brachycarpa','liana'),(138,'trimenia','moorei','trimenia moorei','liana'),(139,'bauhinia','touranensis','bauhinia touranensis','liana'),(140,'Bignonia','corymbosa','Bignonia corymbosa','liana'),(141,'Ipomoea','sp.','Ipomoea sp. ','liana'),(142,'Mikania','leiostachya','Mikania leiostachya','liana'),(143,'Stigmaphyllon','hypargineum','Stigmaphyllon hypargineum','liana'),(144,'unknown','NULL','unknown','liana'),(145,'Bonamia','tricantha','Bonamia tricantha','liana'),(146,'Amphilophium','paniculatum','Amphilophium paniculatum','liana'),(147,'Peritassa','pruinosa','Peritassa pruinosa','liana'),(148,'Chrysophyllum','cainito','Chrysophyllum cainito','liana'),(149,'Gouania','lupuloides','Gouania lupuloides','liana'),(150,'Mikania','micrantha','Mikania micrantha','liana'),(151,'Aristolochia','tonduzii','Aristolochia tonduzii','liana'),(152,'Bonamia','trichantha','Bonamia trichantha','liana'),(153,'Cissus','erosa','Cissus erosa','liana'),(154,'Combretum','fruticosum','Combretum fruticosum','liana'),(155,'Odontadenia','macrantha','Odontadenia macrantha','liana'),(156,'Passiflora','vitifolia','Passiflora vitifolia','liana'),(157,'Phryganocydia','corymbosa','Phryganocydia corymbosa','liana'),(158,'Pithecoctenium','crucigerum','Pithecoctenium crucigerum','liana'),(159,'Serjania','mexicana','Serjania mexicana','liana'),(160,'Stigmaphyllon','hypargyreum','Stigmaphyllon hypargyreum','liana'),(161,'Vitis','tiliifolia','Vitis tiliifolia','liana');
/*!40000 ALTER TABLE `species` ENABLE KEYS */;
UNLOCK TABLES;

--
-- Table structure for table `traits`
--

DROP TABLE IF EXISTS `traits`;
/*!40101 SET @saved_cs_client     = @@character_set_client */;
/*!50503 SET character_set_client = utf8mb4 */;
CREATE TABLE `traits` (
  `id` int DEFAULT NULL,
  `variable_id` int DEFAULT NULL,
  `site_id` int DEFAULT NULL,
  `species_id` int DEFAULT NULL,
  `citation_id` int DEFAULT NULL,
  `treatment_id` int DEFAULT NULL,
  `method` varchar(200) DEFAULT NULL,
  `date` date DEFAULT NULL,
  `mean` float DEFAULT NULL,
  `N` int DEFAULT NULL,
  `stat` float DEFAULT NULL,
  `statname` varchar(200) DEFAULT NULL,
  `notes` longtext,
  `covariate_id` int DEFAULT NULL
) ENGINE=InnoDB DEFAULT CHARSET=utf8mb4 COLLATE=utf8mb4_0900_ai_ci;
/*!40101 SET character_set_client = @saved_cs_client */;

--
-- Dumping data for table `traits`
--

LOCK TABLES `traits` WRITE;
/*!40000 ALTER TABLE `traits` DISABLE KEYS */;
INSERT INTO `traits` VALUES (1,3,3,1,15,1,'','1000-01-01',23.6,NULL,NULL,'','',NULL),(2,2,3,1,15,1,'','1000-01-01',15.38,NULL,NULL,'','',NULL),(3,3,3,1,15,1,'','1000-01-01',7.2,NULL,NULL,'','',NULL),(4,2,3,1,15,1,'','1000-01-01',17.54,NULL,NULL,'','',NULL),(5,3,3,2,15,1,'','1000-01-01',26.5,NULL,NULL,'','',NULL),(6,1,3,2,3,1,'','1000-01-01',0.54,NULL,NULL,'','',NULL),(7,2,3,2,3,1,'','1000-01-01',14.71,NULL,NULL,'','',NULL),(8,3,3,2,15,1,'','1000-01-01',8.6,NULL,NULL,'','',NULL),(9,1,3,2,3,1,'','1000-01-01',0.54,NULL,NULL,'','',NULL),(10,2,3,2,3,1,'','1000-01-01',23.26,NULL,NULL,'','',NULL),(11,3,8,3,16,1,'','1000-01-01',5.85,NULL,NULL,'','',NULL),(12,1,8,3,16,1,'','1000-01-01',0.77,NULL,NULL,'','',NULL),(13,3,8,4,16,1,'','1000-01-01',6.84,NULL,NULL,'','',NULL),(14,1,8,4,16,1,'','1000-01-01',0.7,NULL,NULL,'','',NULL),(15,3,4,5,16,1,'','1000-01-01',9.45,NULL,NULL,'','',NULL),(16,1,4,5,16,1,'','1000-01-01',0.68,NULL,NULL,'','',NULL),(17,3,8,6,16,1,'','1000-01-01',4.01,NULL,NULL,'','',NULL),(18,1,8,6,16,1,'','1000-01-01',0.66,NULL,NULL,'','',NULL),(19,3,2,7,14,1,'','1000-01-01',6.62,NULL,NULL,'','',NULL),(20,2,2,7,14,1,'','1000-01-01',17.92,NULL,NULL,'','',NULL),(21,3,2,8,14,1,'','1000-01-01',8.67,NULL,NULL,'','',NULL),(22,2,2,8,14,1,'','1000-01-01',16.18,NULL,NULL,'','',NULL),(23,3,2,9,14,1,'','1000-01-01',11.95,NULL,NULL,'','',NULL),(24,2,2,9,14,1,'','1000-01-01',21.74,NULL,NULL,'','',NULL),(25,3,2,10,14,1,'','1000-01-01',11.13,NULL,NULL,'','',NULL),(26,2,2,10,14,1,'','1000-01-01',10.8,NULL,NULL,'','',NULL),(27,3,2,11,14,1,'','1000-01-01',7.72,NULL,NULL,'','',NULL),(28,2,2,11,14,1,'','1000-01-01',14.56,NULL,NULL,'','',NULL),(29,3,2,12,14,1,'','1000-01-01',11.45,NULL,NULL,'','',NULL),(30,2,2,12,14,1,'','1000-01-01',14.33,NULL,NULL,'','',NULL),(31,3,2,13,14,1,'','1000-01-01',10.4,NULL,NULL,'','',NULL),(32,2,2,13,14,1,'','1000-01-01',17.89,NULL,NULL,'','',NULL),(33,3,2,14,14,1,'','1000-01-01',10.23,NULL,NULL,'','',NULL),(34,2,2,14,14,1,'','1000-01-01',13.76,NULL,NULL,'','',NULL),(35,3,2,15,14,1,'','1000-01-01',9.17,NULL,NULL,'','',NULL),(36,2,2,15,14,1,'','1000-01-01',12.63,NULL,NULL,'','',NULL),(37,3,2,16,14,1,'','1000-01-01',10.45,NULL,NULL,'','',NULL),(38,2,2,16,14,1,'','1000-01-01',15.72,NULL,NULL,'','',NULL),(39,3,2,17,14,1,'','1000-01-01',12.65,NULL,NULL,'','',NULL),(40,2,2,17,14,1,'','1000-01-01',9.32,NULL,NULL,'','',NULL),(41,3,2,18,14,1,'','1000-01-01',9.44,NULL,NULL,'','',NULL),(42,2,2,18,14,1,'','1000-01-01',11.88,NULL,NULL,'','',NULL),(43,3,2,19,14,1,'','1000-01-01',11.45,NULL,NULL,'','',NULL),(44,2,2,19,14,1,'','1000-01-01',13.74,NULL,NULL,'','',NULL),(45,3,2,20,14,1,'','1000-01-01',9.95,NULL,NULL,'','',NULL),(46,2,2,20,14,1,'','1000-01-01',16.75,NULL,NULL,'','',NULL),(47,3,2,21,14,1,'','1000-01-01',9.08,NULL,NULL,'','',NULL),(48,2,2,21,14,1,'','1000-01-01',9,NULL,NULL,'','',NULL),(49,3,2,22,14,1,'','1000-01-01',8.46,NULL,NULL,'','',NULL),(50,2,2,22,14,1,'','1000-01-01',8.7,NULL,NULL,'','',NULL),(51,3,2,23,14,1,'','1000-01-01',10,NULL,NULL,'','',NULL),(52,2,2,23,14,1,'','1000-01-01',15.8,NULL,NULL,'','',NULL),(53,3,2,24,14,1,'','1000-01-01',10.69,NULL,NULL,'','',NULL),(54,2,2,24,14,1,'','1000-01-01',15.34,NULL,NULL,'','',NULL),(55,3,2,24,20,1,'','1000-01-01',3.97,NULL,NULL,'','',NULL),(56,2,2,24,20,1,'','1000-01-01',27.03,NULL,NULL,'','',NULL),(57,3,2,23,20,1,'','1000-01-01',4.88,NULL,NULL,'','',NULL),(58,1,2,23,20,1,'','1000-01-01',0.48,NULL,NULL,'','',NULL),(59,2,2,23,20,1,'','1000-01-01',12.857,NULL,NULL,'','',NULL),(60,3,2,25,19,1,'','1000-01-01',8.55,NULL,NULL,'','',NULL),(61,3,2,25,19,1,'','1000-01-01',6.78,NULL,NULL,'','',NULL),(62,3,2,25,19,1,'','1000-01-01',13.9,NULL,NULL,'','',NULL),(63,3,2,25,19,1,'','1000-01-01',7.28,NULL,NULL,'','',NULL),(64,3,2,26,19,1,'','1000-01-01',3.95,NULL,NULL,'','',NULL),(65,3,2,26,19,1,'','1000-01-01',7.92,NULL,NULL,'','',NULL),(66,3,2,27,19,1,'','1000-01-01',4.9,NULL,NULL,'','',NULL),(67,3,2,27,19,1,'','1000-01-01',2.79,NULL,NULL,'','',NULL),(68,3,2,27,19,1,'','1000-01-01',12.56,NULL,NULL,'','',NULL),(69,3,2,27,19,1,'','1000-01-01',8.81,NULL,NULL,'','',NULL),(70,3,2,28,19,1,'','1000-01-01',12.22,NULL,NULL,'','',NULL),(71,3,2,28,19,1,'','1000-01-01',5.1,NULL,NULL,'','',NULL),(72,3,2,28,19,1,'','1000-01-01',10.24,NULL,NULL,'','',NULL),(73,3,2,29,19,1,'','1000-01-01',3.02,NULL,NULL,'','',NULL),(74,3,2,29,19,1,'','1000-01-01',6.72,NULL,NULL,'','',NULL),(75,3,2,30,19,1,'','1000-01-01',8.86,NULL,NULL,'','',NULL),(76,3,2,31,19,1,'','1000-01-01',13.41,NULL,NULL,'','',NULL),(77,3,2,31,19,1,'','1000-01-01',12.31,NULL,NULL,'','',NULL),(78,3,2,32,19,1,'','1000-01-01',6.48,NULL,NULL,'','',NULL),(79,3,2,32,19,1,'','1000-01-01',6.04,NULL,NULL,'','',NULL),(80,3,2,32,19,1,'','1000-01-01',10.98,NULL,NULL,'','',NULL),(81,3,2,32,19,1,'','1000-01-01',7.44,NULL,NULL,'','',NULL),(82,3,2,33,19,1,'','1000-01-01',6.45,NULL,NULL,'','',NULL),(83,3,2,33,19,1,'','1000-01-01',8.17,NULL,NULL,'','',NULL),(84,3,2,16,19,1,'','1000-01-01',5.28,NULL,NULL,'','',NULL),(85,3,2,16,19,1,'','1000-01-01',6.85,NULL,NULL,'','',NULL),(86,3,2,34,19,1,'','1000-01-01',5.67,NULL,NULL,'','',NULL),(87,3,2,34,19,1,'','1000-01-01',12.05,NULL,NULL,'','',NULL),(88,3,2,35,19,1,'','1000-01-01',8.06,NULL,NULL,'','',NULL),(89,3,2,35,19,1,'','1000-01-01',8.36,NULL,NULL,'','',NULL),(90,3,2,36,19,1,'','1000-01-01',7.74,NULL,NULL,'','',NULL),(91,3,2,36,19,1,'','1000-01-01',9.46,NULL,NULL,'','',NULL),(92,3,2,37,19,1,'','1000-01-01',5.91,NULL,NULL,'','',NULL),(93,3,2,37,19,1,'','1000-01-01',7.49,NULL,NULL,'','',NULL),(94,3,2,38,19,1,'','1000-01-01',2.68,NULL,NULL,'','',NULL),(95,3,2,38,19,1,'','1000-01-01',7.09,NULL,NULL,'','',NULL),(96,3,2,39,19,1,'','1000-01-01',2.82,NULL,NULL,'','',NULL),(97,3,2,39,19,1,'','1000-01-01',9.54,NULL,NULL,'','',NULL),(98,3,2,21,19,1,'','1000-01-01',7.11,NULL,NULL,'','',NULL),(99,3,2,21,19,1,'','1000-01-01',4.73,NULL,NULL,'','',NULL),(100,3,2,21,19,1,'','1000-01-01',11.83,NULL,NULL,'','',NULL),(101,3,2,21,19,1,'','1000-01-01',14.57,NULL,NULL,'','',NULL),(102,3,2,24,19,1,'','1000-01-01',3.29,NULL,NULL,'','',NULL),(103,3,2,24,19,1,'','1000-01-01',5.65,NULL,NULL,'','',NULL),(104,3,2,24,19,1,'','1000-01-01',10.78,NULL,NULL,'','',NULL),(105,3,2,24,19,1,'','1000-01-01',8.51,NULL,NULL,'','',NULL),(106,3,2,10,19,1,'','1000-01-01',10.52,NULL,NULL,'','',NULL),(107,1,2,10,19,1,'','1000-01-01',0.46,NULL,NULL,'','',NULL),(108,2,2,10,19,1,'','1000-01-01',11.431,NULL,NULL,'','',NULL),(109,3,2,10,19,1,'','1000-01-01',12.53,NULL,NULL,'','',NULL),(110,1,2,10,19,1,'','1000-01-01',0.46,NULL,NULL,'','',NULL),(111,2,2,10,19,1,'','1000-01-01',11.431,NULL,NULL,'','',NULL),(112,3,2,23,19,1,'','1000-01-01',8.65,NULL,NULL,'','',NULL),(113,1,2,23,19,1,'','1000-01-01',0.48,NULL,NULL,'','',NULL),(114,2,2,23,19,1,'','1000-01-01',12.857,NULL,NULL,'','',NULL),(115,3,2,23,19,1,'','1000-01-01',8.05,NULL,NULL,'','',NULL),(116,1,2,23,19,1,'','1000-01-01',0.48,NULL,NULL,'','',NULL),(117,2,2,23,19,1,'','1000-01-01',12.857,NULL,NULL,'','',NULL),(118,3,2,23,19,1,'','1000-01-01',11.9,NULL,NULL,'','',NULL),(119,1,2,23,19,1,'','1000-01-01',0.48,NULL,NULL,'','',NULL),(120,2,2,23,19,1,'','1000-01-01',12.857,NULL,NULL,'','',NULL),(121,3,2,23,19,1,'','1000-01-01',13.83,NULL,NULL,'','',NULL),(122,1,2,23,19,1,'','1000-01-01',0.48,NULL,NULL,'','',NULL),(123,2,2,23,19,1,'','1000-01-01',12.857,NULL,NULL,'','',NULL),(124,3,5,40,9,1,'','1000-01-01',8,NULL,NULL,'','',NULL),(125,3,5,41,9,1,'','1000-01-01',8.98,NULL,NULL,'','',NULL),(126,3,7,42,23,1,'','1000-01-01',4.29,NULL,NULL,'','',NULL),(127,3,7,43,23,1,'','1000-01-01',8.19,NULL,NULL,'','',NULL),(128,1,7,43,24,1,'','1000-01-01',0.329,NULL,NULL,'','',NULL),(129,2,7,43,24,1,'','1000-01-01',22.88,NULL,NULL,'','',NULL),(130,3,7,44,25,1,'','1000-01-01',4.8,NULL,NULL,'','',NULL),(131,1,7,44,25,1,'','1000-01-01',0.62,NULL,NULL,'','',NULL),(132,3,4,45,21,1,'','1000-01-01',10.11,NULL,NULL,'','',NULL),(133,2,4,45,21,1,'','1000-01-01',7.03,NULL,NULL,'','',NULL),(134,3,4,46,21,1,'','1000-01-01',7.27,NULL,NULL,'','',NULL),(135,2,4,46,21,1,'','1000-01-01',9.03,NULL,NULL,'','',NULL),(136,3,4,47,21,1,'','1000-01-01',9.57,NULL,NULL,'','',NULL),(137,2,4,47,21,1,'','1000-01-01',10.43,NULL,NULL,'','',NULL),(138,3,4,48,21,1,'','1000-01-01',9.23,NULL,NULL,'','',NULL),(139,2,4,48,21,1,'','1000-01-01',10.31,NULL,NULL,'','',NULL),(140,3,4,49,21,1,'','1000-01-01',10.78,NULL,NULL,'','',NULL),(141,2,4,49,21,1,'','1000-01-01',11.1,NULL,NULL,'','',NULL),(142,3,4,50,21,1,'','1000-01-01',8.3,NULL,NULL,'','',NULL),(143,2,4,50,21,1,'','1000-01-01',9.2,NULL,NULL,'','',NULL),(144,3,4,51,21,1,'','1000-01-01',12.26,NULL,NULL,'','',NULL),(145,2,4,51,21,1,'','1000-01-01',10.94,NULL,NULL,'','',NULL),(146,3,4,52,21,1,'','1000-01-01',11.4,NULL,NULL,'','',NULL),(147,2,4,52,21,1,'','1000-01-01',8.69,NULL,NULL,'','',NULL),(148,3,4,53,21,1,'','1000-01-01',8.1,NULL,NULL,'','',NULL),(149,2,4,53,21,1,'','1000-01-01',11.44,NULL,NULL,'','',NULL),(150,3,4,54,21,1,'','1000-01-01',10.2,NULL,NULL,'','',NULL),(151,2,4,54,21,1,'','1000-01-01',12.74,NULL,NULL,'','',NULL),(152,3,4,55,21,1,'','1000-01-01',7.29,NULL,NULL,'','',NULL),(153,2,4,55,21,1,'','1000-01-01',14.51,NULL,NULL,'','',NULL),(154,3,3,56,31,1,'','1000-01-01',9.5,NULL,NULL,'','',NULL),(155,2,3,56,31,1,'','1000-01-01',15.63,NULL,NULL,'','',NULL),(156,3,3,57,31,1,'','1000-01-01',12.1,NULL,NULL,'','',NULL),(157,2,3,57,31,1,'','1000-01-01',16.13,NULL,NULL,'','',NULL),(158,3,3,1,31,1,'','1000-01-01',10.4,NULL,NULL,'','',NULL),(159,2,3,1,31,1,'','1000-01-01',13.51,NULL,NULL,'','',NULL),(160,3,3,58,31,1,'','1000-01-01',17.2,NULL,NULL,'','',NULL),(161,2,3,58,31,1,'','1000-01-01',18.52,NULL,NULL,'','',NULL),(162,3,3,59,31,1,'','1000-01-01',6.7,NULL,NULL,'','',NULL),(163,2,3,59,31,1,'','1000-01-01',16.13,NULL,NULL,'','',NULL),(164,3,3,53,31,1,'','1000-01-01',12.2,NULL,NULL,'','',NULL),(165,2,3,53,31,1,'','1000-01-01',9.09,NULL,NULL,'','',NULL),(166,3,3,60,31,1,'','1000-01-01',13.4,NULL,NULL,'','',NULL),(167,2,3,60,31,1,'','1000-01-01',13.89,NULL,NULL,'','',NULL),(168,3,3,61,31,1,'','1000-01-01',16.3,NULL,NULL,'','',NULL),(169,2,3,61,31,1,'','1000-01-01',14.93,NULL,NULL,'','',NULL),(170,3,3,62,31,1,'','1000-01-01',13,NULL,NULL,'','',NULL),(171,2,3,62,31,1,'','1000-01-01',16.95,NULL,NULL,'','',NULL),(172,3,3,63,31,1,'','1000-01-01',12.7,NULL,NULL,'','',NULL),(173,2,3,63,31,1,'','1000-01-01',21.28,NULL,NULL,'','',NULL),(174,3,3,2,31,1,'','1000-01-01',17.7,NULL,NULL,'','',NULL),(175,2,3,2,31,1,'','1000-01-01',14.49,NULL,NULL,'','',NULL),(176,3,3,64,31,1,'','1000-01-01',9.8,NULL,NULL,'','',NULL),(177,2,3,64,31,1,'','1000-01-01',15.87,NULL,NULL,'','',NULL),(178,3,3,65,31,1,'','1000-01-01',12.9,NULL,NULL,'','',NULL),(179,2,3,65,31,1,'','1000-01-01',14.08,NULL,NULL,'','',NULL),(180,1,3,2,3,1,'','1000-01-01',0.54,NULL,NULL,'','',NULL),(181,1,3,64,3,1,'','1000-01-01',0.22,NULL,NULL,'','',NULL),(182,1,3,65,3,1,'','1000-01-01',0.33,NULL,NULL,'','',NULL),(183,3,2,66,10,1,'','1000-01-01',10.5,NULL,NULL,'','',NULL),(184,1,2,66,10,1,'','1000-01-01',0.5,NULL,NULL,'','',NULL),(185,2,2,66,10,1,'','1000-01-01',24.5471,NULL,NULL,'','',NULL),(186,3,2,34,10,1,'','1000-01-01',12.05,NULL,NULL,'','',NULL),(187,1,2,34,10,1,'','1000-01-01',0.49,NULL,NULL,'','',NULL),(188,3,2,30,10,1,'','1000-01-01',10.85,NULL,NULL,'','',NULL),(189,1,2,30,10,1,'','1000-01-01',0.46,NULL,NULL,'','',NULL),(190,3,6,67,22,1,'','1000-01-01',13.6858,NULL,NULL,'','',NULL),(191,1,6,67,22,1,'','1000-01-01',0.49454,NULL,NULL,'','',NULL),(192,2,6,67,22,1,'','1000-01-01',23.3585,NULL,NULL,'','',NULL),(193,3,6,68,22,1,'','1000-01-01',10.4385,NULL,NULL,'','',NULL),(194,1,6,68,22,1,'','1000-01-01',0.38452,NULL,NULL,'','',NULL),(195,2,6,68,22,1,'','1000-01-01',29.3743,NULL,NULL,'','',NULL),(196,3,6,69,22,1,'','1000-01-01',16.5935,NULL,NULL,'','',NULL),(197,1,6,69,22,1,'','1000-01-01',0.4268,NULL,NULL,'','',NULL),(198,2,6,69,22,1,'','1000-01-01',18.5628,NULL,NULL,'','',NULL),(199,3,6,49,22,1,'','1000-01-01',14.6691,NULL,NULL,'','',NULL),(200,1,6,49,22,1,'','1000-01-01',0.25572,NULL,NULL,'','',NULL),(201,2,6,49,22,1,'','1000-01-01',20.1312,NULL,NULL,'','',NULL),(202,3,6,70,22,1,'','1000-01-01',8.61038,NULL,NULL,'','',NULL),(203,1,6,70,22,1,'','1000-01-01',0.5623,NULL,NULL,'','',NULL),(204,2,6,70,22,1,'','1000-01-01',22.3475,NULL,NULL,'','',NULL),(205,3,6,51,22,1,'','1000-01-01',17.0069,NULL,NULL,'','',NULL),(206,1,6,51,22,1,'','1000-01-01',0.33134,NULL,NULL,'','',NULL),(207,2,6,51,22,1,'','1000-01-01',18.7585,NULL,NULL,'','',NULL),(208,3,6,64,22,1,'','1000-01-01',7.59562,NULL,NULL,'','',NULL),(209,1,6,64,22,1,'','1000-01-01',0.57368,NULL,NULL,'','',NULL),(210,2,6,64,22,1,'','1000-01-01',27.4921,NULL,NULL,'','',NULL),(211,3,6,71,22,1,'','1000-01-01',7.87852,NULL,NULL,'','',NULL),(212,1,6,71,22,1,'','1000-01-01',0.83324,NULL,NULL,'','',NULL),(213,2,6,71,22,1,'','1000-01-01',31.1007,NULL,NULL,'','',NULL),(214,3,6,72,22,1,'','1000-01-01',9.05664,NULL,NULL,'','',NULL),(215,1,6,72,22,1,'','1000-01-01',0.555357,NULL,NULL,'','',NULL),(216,2,6,72,22,1,'','1000-01-01',21.9398,NULL,NULL,'','',NULL),(217,3,6,73,22,1,'','1000-01-01',12.0384,NULL,NULL,'','',NULL),(218,1,6,73,22,1,'','1000-01-01',0.45916,NULL,NULL,'','',NULL),(219,2,6,73,22,1,'','1000-01-01',25.6911,NULL,NULL,'','',NULL),(220,3,6,74,22,1,'','1000-01-01',17.1226,NULL,NULL,'','',NULL),(221,1,6,74,22,1,'','1000-01-01',0.33184,NULL,NULL,'','',NULL),(222,2,6,74,22,1,'','1000-01-01',17.7,NULL,NULL,'','',NULL),(223,3,6,75,22,1,'','1000-01-01',14.574,NULL,NULL,'','',NULL),(224,1,6,75,22,1,'','1000-01-01',0.24256,NULL,NULL,'','',NULL),(225,2,6,75,22,1,'','1000-01-01',21.62,NULL,NULL,'','',NULL),(226,3,6,62,22,1,'','1000-01-01',16.5449,NULL,NULL,'','',NULL),(227,1,6,62,22,1,'','1000-01-01',0.32576,NULL,NULL,'','',NULL),(228,2,6,62,22,1,'','1000-01-01',23.4668,NULL,NULL,'','',NULL),(229,3,4,47,26,1,'','1000-01-01',22.7017,NULL,NULL,'','',NULL),(230,1,4,47,26,1,'','1000-01-01',0.43558,NULL,NULL,'','',NULL),(231,2,4,47,26,1,'','1000-01-01',15.6652,NULL,NULL,'','',NULL),(232,3,4,76,26,1,'','1000-01-01',14.0385,NULL,NULL,'','',NULL),(233,1,4,76,26,1,'','1000-01-01',0.56488,NULL,NULL,'','',NULL),(234,2,4,76,26,1,'','1000-01-01',14.9974,NULL,NULL,'','',NULL),(235,3,4,77,26,1,'','1000-01-01',16.8323,NULL,NULL,'','',NULL),(236,1,4,77,26,1,'','1000-01-01',0.5566,NULL,NULL,'','',NULL),(237,2,4,77,26,1,'','1000-01-01',14.096,NULL,NULL,'','',NULL),(238,3,4,78,26,1,'','1000-01-01',12.7138,NULL,NULL,'','',NULL),(239,1,4,78,26,1,'','1000-01-01',0.52544,NULL,NULL,'','',NULL),(240,2,4,78,26,1,'','1000-01-01',12.0083,NULL,NULL,'','',NULL),(241,3,4,79,26,1,'','1000-01-01',13.4969,NULL,NULL,'','',NULL),(242,1,4,79,26,1,'','1000-01-01',0.57506,NULL,NULL,'','',NULL),(243,2,4,79,26,1,'','1000-01-01',6.18227,NULL,NULL,'','',NULL),(244,3,4,80,26,1,'','1000-01-01',14.1262,NULL,NULL,'','',NULL),(245,1,4,80,26,1,'','1000-01-01',0.65522,NULL,NULL,'','',NULL),(246,2,4,80,26,1,'','1000-01-01',9.62294,NULL,NULL,'','',NULL),(247,3,4,81,26,1,'','1000-01-01',16.8325,NULL,NULL,'','',NULL),(248,1,4,81,26,1,'','1000-01-01',0.37182,NULL,NULL,'','',NULL),(249,2,4,81,26,1,'','1000-01-01',14.6098,NULL,NULL,'','',NULL),(250,3,4,51,26,1,'','1000-01-01',20.7814,NULL,NULL,'','',NULL),(251,1,4,51,26,1,'','1000-01-01',0.4315,NULL,NULL,'','',NULL),(252,2,4,51,26,1,'','1000-01-01',11.048,NULL,NULL,'','',NULL),(253,3,4,82,26,1,'','1000-01-01',22.9704,NULL,NULL,'','',NULL),(254,1,4,82,26,1,'','1000-01-01',0.29884,NULL,NULL,'','',NULL),(255,2,4,82,26,1,'','1000-01-01',19.8048,NULL,NULL,'','',NULL),(256,3,4,52,26,1,'','1000-01-01',12.1747,NULL,NULL,'','',NULL),(257,1,4,52,26,1,'','1000-01-01',0.5038,NULL,NULL,'','',NULL),(258,2,4,52,26,1,'','1000-01-01',14.2432,NULL,NULL,'','',NULL),(259,3,4,72,26,1,'','1000-01-01',10.4823,NULL,NULL,'','',NULL),(260,1,4,72,26,1,'','1000-01-01',0.37736,NULL,NULL,'','',NULL),(261,2,4,72,26,1,'','1000-01-01',16.8521,NULL,NULL,'','',NULL),(262,3,4,53,26,1,'','1000-01-01',13.3845,NULL,NULL,'','',NULL),(263,1,4,53,26,1,'','1000-01-01',0.50282,NULL,NULL,'','',NULL),(264,2,4,53,26,1,'','1000-01-01',8.80458,NULL,NULL,'','',NULL),(265,3,4,83,26,1,'','1000-01-01',16.8186,NULL,NULL,'','',NULL),(266,1,4,83,26,1,'','1000-01-01',0.42066,NULL,NULL,'','',NULL),(267,2,4,83,26,1,'','1000-01-01',12.9952,NULL,NULL,'','',NULL),(268,5,9,123,29,1,'','1000-01-01',16.1,NULL,NULL,'','',NULL),(269,7,9,123,29,1,'','1000-01-01',-2.49512,NULL,NULL,'','',NULL),(270,12,9,123,29,1,'','1000-01-01',26.4525,NULL,NULL,'','',NULL),(271,1,9,123,29,1,'','1000-01-01',0.51,NULL,NULL,'','',NULL),(272,5,9,124,29,1,'','1000-01-01',6.79,NULL,NULL,'','',NULL),(273,7,9,124,29,1,'','1000-01-01',-2.09818,NULL,NULL,'','',NULL),(274,12,9,124,29,1,'','1000-01-01',26.1819,NULL,NULL,'','',NULL),(275,1,9,124,29,1,'','1000-01-01',0.52,NULL,NULL,'','',NULL),(276,5,9,125,29,1,'','1000-01-01',5.2,NULL,NULL,'','',NULL),(277,7,9,125,29,1,'','1000-01-01',-1.89326,NULL,NULL,'','',NULL),(278,12,9,125,29,1,'','1000-01-01',26.9204,NULL,NULL,'','',NULL),(279,1,9,125,29,1,'','1000-01-01',0.49,NULL,NULL,'','',NULL),(280,5,2,23,20,1,'','1000-01-01',4,NULL,NULL,'','',NULL),(281,7,2,23,20,1,'','1000-01-01',-0.761409,NULL,NULL,'','',NULL),(282,12,2,23,20,1,'','1000-01-01',79.5404,NULL,NULL,'','',NULL),(283,2,2,23,20,1,'','1000-01-01',17.05,NULL,NULL,'','',NULL),(284,5,2,23,20,1,'','1000-01-01',8,NULL,NULL,'','',NULL),(285,7,2,23,20,1,'','1000-01-01',-1.20802,NULL,NULL,'','',NULL),(286,12,2,23,20,1,'','1000-01-01',35.6908,NULL,NULL,'','',NULL),(287,2,2,23,20,1,'','1000-01-01',17.05,NULL,NULL,'','',NULL),(288,5,2,24,20,1,'','1000-01-01',0.5,NULL,NULL,'','',NULL),(289,7,2,24,20,1,'','1000-01-01',-0.775708,NULL,NULL,'','',NULL),(290,12,2,24,20,1,'','1000-01-01',60.8688,NULL,NULL,'','',NULL),(291,2,2,24,20,1,'','1000-01-01',27.03,NULL,NULL,'','',NULL),(292,5,2,24,20,1,'','1000-01-01',1.5,NULL,NULL,'','',NULL),(293,7,2,24,20,1,'','1000-01-01',-0.780015,NULL,NULL,'','',NULL),(294,12,2,24,20,1,'','1000-01-01',45.4177,NULL,NULL,'','',NULL),(295,2,2,24,20,1,'','1000-01-01',27.03,NULL,NULL,'','',NULL),(296,7,2,28,19,1,'','1000-01-01',-0.9,NULL,NULL,'','',NULL),(297,7,2,28,19,1,'','1000-01-01',-0.9,NULL,NULL,'','',NULL),(298,7,2,10,19,1,'','1000-01-01',-1.42,NULL,NULL,'','',NULL),(299,2,2,10,19,1,'','1000-01-01',11.431,NULL,NULL,'','',NULL),(300,1,2,10,19,1,'','1000-01-01',0.46,NULL,NULL,'','',NULL),(301,7,2,30,19,1,'','1000-01-01',-1.5,NULL,NULL,'','',NULL),(302,7,2,34,19,1,'','1000-01-01',-1.15,NULL,NULL,'','',NULL),(303,7,2,21,19,1,'','1000-01-01',-1,NULL,NULL,'','',NULL),(304,7,2,21,19,1,'','1000-01-01',-1,NULL,NULL,'','',NULL),(305,7,2,23,19,1,'','1000-01-01',-1,NULL,NULL,'','',NULL),(306,2,2,23,19,1,'','1000-01-01',12.857,NULL,NULL,'','',NULL),(307,1,2,23,19,1,'','1000-01-01',0.48,NULL,NULL,'','',NULL),(308,7,2,24,19,1,'','1000-01-01',-0.9,NULL,NULL,'','',NULL),(309,7,2,24,19,1,'','1000-01-01',-0.9,NULL,NULL,'','',NULL),(310,5,2,10,8,1,'','1000-01-01',8.62,NULL,NULL,'','',NULL),(311,7,2,10,8,1,'','1000-01-01',-1.38933,NULL,NULL,'','',NULL),(312,12,2,10,8,1,'','1000-01-01',46.9657,NULL,NULL,'','',NULL),(313,2,2,10,8,1,'','1000-01-01',11.43,NULL,NULL,'','',NULL),(314,1,2,10,8,1,'','1000-01-01',0.46,NULL,NULL,'','',NULL),(315,5,2,84,8,1,'','1000-01-01',10.57,NULL,NULL,'','',NULL),(316,7,2,84,8,1,'','1000-01-01',-1.01426,NULL,NULL,'','',NULL),(317,12,2,84,8,1,'','1000-01-01',71.5446,NULL,NULL,'','',NULL),(318,2,2,84,8,1,'','1000-01-01',13.2,NULL,NULL,'','',NULL),(319,1,2,84,8,1,'','1000-01-01',0.36,NULL,NULL,'','',NULL),(320,5,2,23,8,1,'','1000-01-01',4.8,NULL,NULL,'','',NULL),(321,7,2,23,8,1,'','1000-01-01',-1.47072,NULL,NULL,'','',NULL),(322,12,2,23,8,1,'','1000-01-01',42.7264,NULL,NULL,'','',NULL),(323,2,2,23,8,1,'','1000-01-01',12.86,NULL,NULL,'','',NULL),(324,1,2,23,8,1,'','1000-01-01',0.48,NULL,NULL,'','',NULL),(325,4,3,120,3,1,'','1000-01-01',0.00167,NULL,NULL,'','',NULL),(326,5,3,120,3,1,'','1000-01-01',12.2,NULL,NULL,'','',NULL),(327,6,3,120,3,1,'','1000-01-01',0.730539,NULL,NULL,'','',NULL),(328,7,3,120,3,1,'','1000-01-01',-0.18535,NULL,NULL,'','',NULL),(329,12,3,120,3,1,'','1000-01-01',101.286,NULL,NULL,'','',NULL),(330,2,3,120,3,1,'','1000-01-01',14.8,NULL,NULL,'','',NULL),(331,1,3,120,3,1,'','1000-01-01',0.41,NULL,NULL,'','',NULL),(332,4,3,2,3,1,'','1000-01-01',0.00118,NULL,NULL,'','',NULL),(333,5,3,2,3,1,'','1000-01-01',5.73,NULL,NULL,'','',NULL),(334,6,3,2,3,1,'','1000-01-01',0.485593,NULL,NULL,'','',NULL),(335,7,3,2,3,1,'','1000-01-01',-0.246358,NULL,NULL,'','',NULL),(336,12,3,2,3,1,'','1000-01-01',115.202,NULL,NULL,'','',NULL),(337,2,3,2,3,1,'','1000-01-01',15.9,NULL,NULL,'','',NULL),(338,1,3,2,3,1,'','1000-01-01',0.54,NULL,NULL,'','',NULL),(339,4,3,49,3,1,'','1000-01-01',0.00029,NULL,NULL,'','',NULL),(340,5,3,49,3,1,'','1000-01-01',5.85,NULL,NULL,'','',NULL),(341,6,3,49,3,1,'','1000-01-01',2.01724,NULL,NULL,'','',NULL),(342,7,3,49,3,1,'','1000-01-01',-0.274585,NULL,NULL,'','',NULL),(343,12,3,49,3,1,'','1000-01-01',67.3974,NULL,NULL,'','',NULL),(344,2,3,49,3,1,'','1000-01-01',13.7,NULL,NULL,'','',NULL),(345,1,3,49,3,1,'','1000-01-01',0.4,NULL,NULL,'','',NULL),(346,4,3,121,3,1,'','1000-01-01',0.00054,NULL,NULL,'','',NULL),(347,5,3,121,3,1,'','1000-01-01',2.91,NULL,NULL,'','',NULL),(348,6,3,121,3,1,'','1000-01-01',0.538889,NULL,NULL,'','',NULL),(349,7,3,121,3,1,'','1000-01-01',-0.711153,NULL,NULL,'','',NULL),(350,12,3,121,3,1,'','1000-01-01',87.3973,NULL,NULL,'','',NULL),(351,2,3,121,3,1,'','1000-01-01',10.5,NULL,NULL,'','',NULL),(352,1,3,121,3,1,'','1000-01-01',0.65,NULL,NULL,'','',NULL),(353,4,3,122,3,1,'','1000-01-01',0.00077,NULL,NULL,'','',NULL),(354,5,3,122,3,1,'','1000-01-01',10.1,NULL,NULL,'','',NULL),(355,6,3,122,3,1,'','1000-01-01',1.31169,NULL,NULL,'','',NULL),(356,7,3,122,3,1,'','1000-01-01',-0.302085,NULL,NULL,'','',NULL),(357,12,3,122,3,1,'','1000-01-01',81.6242,NULL,NULL,'','',NULL),(358,2,3,122,3,1,'','1000-01-01',21.2,NULL,NULL,'','',NULL),(359,1,3,122,3,1,'','1000-01-01',0.22,NULL,NULL,'','',NULL),(360,4,3,65,3,1,'','1000-01-01',0.00152,NULL,NULL,'','',NULL),(361,5,3,65,3,1,'','1000-01-01',27.82,NULL,NULL,'','',NULL),(362,6,3,65,3,1,'','1000-01-01',1.83026,NULL,NULL,'','',NULL),(363,7,3,65,3,1,'','1000-01-01',-0.214504,NULL,NULL,'','',NULL),(364,12,3,65,3,1,'','1000-01-01',136.377,NULL,NULL,'','',NULL),(365,2,3,65,3,1,'','1000-01-01',12.9,NULL,NULL,'','',NULL),(366,1,3,65,3,1,'','1000-01-01',0.33,NULL,NULL,'','',NULL),(367,4,5,40,9,1,'','1000-01-01',0.000085,NULL,NULL,'','',NULL),(368,5,5,40,9,1,'','1000-01-01',1.8,NULL,NULL,'','',NULL),(369,6,5,40,9,1,'','1000-01-01',2.11765,NULL,NULL,'','',NULL),(370,4,5,41,9,1,'','1000-01-01',0.000101,NULL,NULL,'','',NULL),(371,5,5,41,9,1,'','1000-01-01',1.65,NULL,NULL,'','',NULL),(372,6,5,41,9,1,'','1000-01-01',1.63366,NULL,NULL,'','',NULL),(373,4,5,126,9,1,'','1000-01-01',0.000175,NULL,NULL,'','',NULL),(374,5,5,126,9,1,'','1000-01-01',4.59504,NULL,NULL,'','',NULL),(375,6,5,126,9,1,'','1000-01-01',2.62574,NULL,NULL,'','',NULL),(376,4,5,127,9,1,'','1000-01-01',0.000085,NULL,NULL,'','',NULL),(377,5,5,127,9,1,'','1000-01-01',1.05785,NULL,NULL,'','',NULL),(378,6,5,127,9,1,'','1000-01-01',1.24453,NULL,NULL,'','',NULL),(379,4,5,128,9,1,'','1000-01-01',0.000235,NULL,NULL,'','',NULL),(380,5,5,128,9,1,'','1000-01-01',10.1488,NULL,NULL,'','',NULL),(381,6,5,128,9,1,'','1000-01-01',4.31864,NULL,NULL,'','',NULL),(382,4,11,42,30,1,'','1000-01-01',0.00018,NULL,NULL,'','',NULL),(383,5,11,42,30,1,'','1000-01-01',2.3,NULL,NULL,'','',NULL),(384,6,11,42,30,1,'','1000-01-01',1.27778,NULL,NULL,'','',NULL),(385,5,7,43,23,1,'','1000-01-01',2.3,NULL,NULL,'','',NULL),(386,7,7,43,23,1,'','1000-01-01',-0.8,NULL,NULL,'','',NULL),(387,2,7,43,23,1,'','1000-01-01',22.88,NULL,NULL,'','',NULL),(388,1,7,43,23,1,'','1000-01-01',0.329,NULL,NULL,'','',NULL),(389,5,10,129,4,1,'','1000-01-01',2.5,NULL,NULL,'','',NULL),(390,1,10,129,4,1,'','1000-01-01',0.57,NULL,NULL,'','',NULL),(391,5,10,130,4,1,'','1000-01-01',45,NULL,NULL,'','',NULL),(392,1,10,130,4,1,'','1000-01-01',0.23,NULL,NULL,'','',NULL),(393,5,10,2,4,1,'','1000-01-01',18,NULL,NULL,'','',NULL),(394,2,10,2,4,1,'','1000-01-01',11.4815,NULL,NULL,'','',NULL),(395,1,10,2,4,1,'','1000-01-01',0.635,NULL,NULL,'','',NULL),(396,5,10,131,4,1,'','1000-01-01',90,NULL,NULL,'','',NULL),(397,1,10,131,4,1,'','1000-01-01',0.27,NULL,NULL,'','',NULL),(398,5,10,132,4,1,'','1000-01-01',210,NULL,NULL,'','',NULL),(399,1,10,132,4,1,'','1000-01-01',0.42,NULL,NULL,'','',NULL),(400,5,10,133,4,1,'','1000-01-01',20,NULL,NULL,'','',NULL),(401,1,10,133,4,1,'','1000-01-01',0.63,NULL,NULL,'','',NULL),(402,5,10,134,4,1,'','1000-01-01',110,NULL,NULL,'','',NULL),(403,1,10,134,4,1,'','1000-01-01',0.585,NULL,NULL,'','',NULL),(404,5,10,135,4,1,'','1000-01-01',35,NULL,NULL,'','',NULL),(405,1,10,135,4,1,'','1000-01-01',0.34,NULL,NULL,'','',NULL),(406,5,10,136,4,1,'','1000-01-01',40,NULL,NULL,'','',NULL),(407,1,10,136,4,1,'','1000-01-01',0.44,NULL,NULL,'','',NULL),(408,5,10,137,4,1,'','1000-01-01',10,NULL,NULL,'','',NULL),(409,1,10,137,4,1,'','1000-01-01',0.66,NULL,NULL,'','',NULL),(410,4,3,85,5,1,'','1000-01-01',0.0015,NULL,NULL,'','',NULL),(411,5,3,85,5,1,'','1000-01-01',0.71,NULL,NULL,'','',NULL),(412,6,3,85,5,1,'','1000-01-01',0.0473333,NULL,NULL,'','',NULL),(413,7,3,85,5,1,'','1000-01-01',-1.2245,NULL,NULL,'','',NULL),(414,12,3,85,5,1,'','1000-01-01',22.5747,NULL,NULL,'','',NULL),(415,1,3,85,5,1,'','1000-01-01',0.58,NULL,NULL,'','',NULL),(416,4,3,86,5,1,'','1000-01-01',0.0031,NULL,NULL,'','',NULL),(417,5,3,86,5,1,'','1000-01-01',1.58,NULL,NULL,'','',NULL),(418,6,3,86,5,1,'','1000-01-01',0.0509677,NULL,NULL,'','',NULL),(419,7,3,86,5,1,'','1000-01-01',-2.72538,NULL,NULL,'','',NULL),(420,12,3,86,5,1,'','1000-01-01',13.6435,NULL,NULL,'','',NULL),(421,1,3,86,5,1,'','1000-01-01',0.49,NULL,NULL,'','',NULL),(422,7,13,42,1,1,'','1000-01-01',-0.499,NULL,NULL,'','',NULL),(423,12,13,42,1,1,'','1000-01-01',25.7802,NULL,NULL,'','',NULL),(424,7,14,43,1,1,'','1000-01-01',-1.056,NULL,NULL,'','',NULL),(425,12,14,43,1,1,'','1000-01-01',41.4395,NULL,NULL,'','',NULL),(426,7,15,138,1,1,'','1000-01-01',-0.383,NULL,NULL,'','',NULL),(427,12,15,138,1,1,'','1000-01-01',52.7778,NULL,NULL,'','',NULL),(428,4,2,66,10,1,'','1000-01-01',0.000444,NULL,NULL,'','',NULL),(429,5,2,66,10,1,'','1000-01-01',3.07,NULL,NULL,'','',NULL),(430,6,2,66,10,1,'','1000-01-01',0.691441,NULL,NULL,'','',NULL),(431,7,2,66,10,1,'','1000-01-01',-1.32986,NULL,NULL,'','',NULL),(432,12,2,66,10,1,'','1000-01-01',27.3018,NULL,NULL,'','',NULL),(433,2,2,66,10,1,'','1000-01-01',24.5471,NULL,NULL,'','',NULL),(434,1,2,66,10,1,'','1000-01-01',0.5,NULL,NULL,'','',NULL),(435,4,2,66,10,1,'','1000-01-01',0.000444,NULL,NULL,'','',NULL),(436,5,2,66,10,1,'','1000-01-01',3.07,NULL,NULL,'','',NULL),(437,6,2,66,10,1,'','1000-01-01',0.691441,NULL,NULL,'','',NULL),(438,7,2,66,10,1,'','1000-01-01',-1.32986,NULL,NULL,'','',NULL),(439,12,2,66,10,1,'','1000-01-01',27.3018,NULL,NULL,'','',NULL),(440,2,2,66,10,1,'','1000-01-01',24.5471,NULL,NULL,'','',NULL),(441,1,2,66,10,1,'','1000-01-01',0.5,NULL,NULL,'','',NULL),(442,4,2,34,10,1,'','1000-01-01',0.000377,NULL,NULL,'','',NULL),(443,5,2,34,10,1,'','1000-01-01',3.13,NULL,NULL,'','',NULL),(444,6,2,34,10,1,'','1000-01-01',0.830239,NULL,NULL,'','',NULL),(445,7,2,34,10,1,'','1000-01-01',-1.32495,NULL,NULL,'','',NULL),(446,12,2,34,10,1,'','1000-01-01',36.456,NULL,NULL,'','',NULL),(447,2,2,34,10,1,'','1000-01-01',9.85,NULL,NULL,'','',NULL),(448,1,2,34,10,1,'','1000-01-01',0.49,NULL,NULL,'','',NULL),(449,4,2,34,10,1,'','1000-01-01',0.000377,NULL,NULL,'','',NULL),(450,5,2,34,10,1,'','1000-01-01',3.13,NULL,NULL,'','',NULL),(451,6,2,34,10,1,'','1000-01-01',0.830239,NULL,NULL,'','',NULL),(452,7,2,34,10,1,'','1000-01-01',-1.32495,NULL,NULL,'','',NULL),(453,12,2,34,10,1,'','1000-01-01',36.456,NULL,NULL,'','',NULL),(454,2,2,34,10,1,'','1000-01-01',9.85,NULL,NULL,'','',NULL),(455,1,2,34,10,1,'','1000-01-01',0.49,NULL,NULL,'','',NULL),(456,4,2,30,10,1,'','1000-01-01',0.000483,NULL,NULL,'','',NULL),(457,5,2,30,10,1,'','1000-01-01',3.14,NULL,NULL,'','',NULL),(458,6,2,30,10,1,'','1000-01-01',0.650104,NULL,NULL,'','',NULL),(459,7,2,30,10,1,'','1000-01-01',-1.11873,NULL,NULL,'','',NULL),(460,12,2,30,10,1,'','1000-01-01',29.2265,NULL,NULL,'','',NULL),(461,2,2,30,10,1,'','1000-01-01',7.43,NULL,NULL,'','',NULL),(462,1,2,30,10,1,'','1000-01-01',0.46,NULL,NULL,'','',NULL),(463,4,2,30,10,1,'','1000-01-01',0.000483,NULL,NULL,'','',NULL),(464,5,2,30,10,1,'','1000-01-01',3.14,NULL,NULL,'','',NULL),(465,6,2,30,10,1,'','1000-01-01',0.650104,NULL,NULL,'','',NULL),(466,7,2,30,10,1,'','1000-01-01',-1.11873,NULL,NULL,'','',NULL),(467,12,2,30,10,1,'','1000-01-01',29.2265,NULL,NULL,'','',NULL),(468,2,2,30,10,1,'','1000-01-01',7.43,NULL,NULL,'','',NULL),(469,1,2,30,10,1,'','1000-01-01',0.46,NULL,NULL,'','',NULL),(470,4,2,27,6,1,'','1000-01-01',0.00123,NULL,NULL,'','',NULL),(471,5,2,27,6,1,'','1000-01-01',92.13,NULL,NULL,'','',NULL),(472,6,2,27,6,1,'','1000-01-01',7.49024,NULL,NULL,'','',NULL),(473,7,2,27,6,1,'','1000-01-01',-2.1,NULL,NULL,'','',NULL),(474,1,2,27,6,1,'','1000-01-01',0.35,NULL,NULL,'','',NULL),(475,4,2,139,6,1,'','1000-01-01',0.001072,NULL,NULL,'','',NULL),(476,5,2,139,6,1,'','1000-01-01',104.5,NULL,NULL,'','',NULL),(477,6,2,139,6,1,'','1000-01-01',9.74813,NULL,NULL,'','',NULL),(478,7,2,139,6,1,'','1000-01-01',-2.2,NULL,NULL,'','',NULL),(479,1,2,139,6,1,'','1000-01-01',0.33,NULL,NULL,'','',NULL),(480,4,2,28,6,1,'','1000-01-01',0.000778,NULL,NULL,'','',NULL),(481,5,2,28,6,1,'','1000-01-01',10.57,NULL,NULL,'','',NULL),(482,6,2,28,6,1,'','1000-01-01',1.35861,NULL,NULL,'','',NULL),(483,7,2,28,6,1,'','1000-01-01',-0.9,NULL,NULL,'','',NULL),(484,1,2,28,6,1,'','1000-01-01',0.37,NULL,NULL,'','',NULL),(485,4,2,30,6,1,'','1000-01-01',0.000447,NULL,NULL,'','',NULL),(486,5,2,30,6,1,'','1000-01-01',4.52,NULL,NULL,'','',NULL),(487,6,2,30,6,1,'','1000-01-01',1.01119,NULL,NULL,'','',NULL),(488,7,2,30,6,1,'','1000-01-01',-1.5,NULL,NULL,'','',NULL),(489,1,2,30,6,1,'','1000-01-01',0.53,NULL,NULL,'','',NULL),(490,4,2,34,6,1,'','1000-01-01',0.000651,NULL,NULL,'','',NULL),(491,5,2,34,6,1,'','1000-01-01',11.51,NULL,NULL,'','',NULL),(492,6,2,34,6,1,'','1000-01-01',1.76805,NULL,NULL,'','',NULL),(493,7,2,34,6,1,'','1000-01-01',-1.1,NULL,NULL,'','',NULL),(494,1,2,34,6,1,'','1000-01-01',0.51,NULL,NULL,'','',NULL),(495,4,2,21,6,1,'','1000-01-01',0.000748,NULL,NULL,'','',NULL),(496,5,2,21,6,1,'','1000-01-01',12.38,NULL,NULL,'','',NULL),(497,6,2,21,6,1,'','1000-01-01',1.65508,NULL,NULL,'','',NULL),(498,7,2,21,6,1,'','1000-01-01',-1,NULL,NULL,'','',NULL),(499,1,2,21,6,1,'','1000-01-01',0.41,NULL,NULL,'','',NULL),(500,4,2,23,6,1,'','1000-01-01',0.00045,NULL,NULL,'','',NULL),(501,5,2,23,6,1,'','1000-01-01',5.14,NULL,NULL,'','',NULL),(502,6,2,23,6,1,'','1000-01-01',1.14222,NULL,NULL,'','',NULL),(503,7,2,23,6,1,'','1000-01-01',-1.3,NULL,NULL,'','',NULL),(504,1,2,23,6,1,'','1000-01-01',0.55,NULL,NULL,'','',NULL),(505,4,6,67,22,1,'','1000-01-01',0.00136463,NULL,NULL,'','',NULL),(506,5,6,67,22,1,'','1000-01-01',5.0819,NULL,NULL,'','',NULL),(507,6,6,67,22,1,'','1000-01-01',0.372402,NULL,NULL,'','',NULL),(508,7,6,67,22,1,'','1000-01-01',-0.74731,NULL,NULL,'','',NULL),(509,12,6,67,22,1,'','1000-01-01',40.6944,NULL,NULL,'','',NULL),(510,2,6,67,22,1,'','1000-01-01',23.3585,NULL,NULL,'','',NULL),(511,1,6,67,22,1,'','1000-01-01',0.49454,NULL,NULL,'','',NULL),(512,4,6,68,22,1,'','1000-01-01',0.000794415,NULL,NULL,'','',NULL),(513,5,6,68,22,1,'','1000-01-01',7.58653,NULL,NULL,'','',NULL),(514,6,6,68,22,1,'','1000-01-01',0.954984,NULL,NULL,'','',NULL),(515,7,6,68,22,1,'','1000-01-01',-1.35392,NULL,NULL,'','',NULL),(516,12,6,68,22,1,'','1000-01-01',31.273,NULL,NULL,'','',NULL),(517,2,6,68,22,1,'','1000-01-01',29.3743,NULL,NULL,'','',NULL),(518,1,6,68,22,1,'','1000-01-01',0.38452,NULL,NULL,'','',NULL),(519,4,6,69,22,1,'','1000-01-01',0.00231808,NULL,NULL,'','',NULL),(520,5,6,69,22,1,'','1000-01-01',23.9245,NULL,NULL,'','',NULL),(521,6,6,69,22,1,'','1000-01-01',1.03208,NULL,NULL,'','',NULL),(522,7,6,69,22,1,'','1000-01-01',-0.631701,NULL,NULL,'','',NULL),(523,12,6,69,22,1,'','1000-01-01',77.6025,NULL,NULL,'','',NULL),(524,2,6,69,22,1,'','1000-01-01',18.5628,NULL,NULL,'','',NULL),(525,1,6,69,22,1,'','1000-01-01',0.4268,NULL,NULL,'','',NULL),(526,4,6,49,22,1,'','1000-01-01',0.00150899,NULL,NULL,'','',NULL),(527,5,6,49,22,1,'','1000-01-01',12.1,NULL,NULL,'','',NULL),(528,6,6,49,22,1,'','1000-01-01',0.801866,NULL,NULL,'','',NULL),(529,7,6,49,22,1,'','1000-01-01',-1.90601,NULL,NULL,'','',NULL),(530,12,6,49,22,1,'','1000-01-01',33.0717,NULL,NULL,'','',NULL),(531,2,6,49,22,1,'','1000-01-01',20.1312,NULL,NULL,'','',NULL),(532,1,6,49,22,1,'','1000-01-01',0.25572,NULL,NULL,'','',NULL),(533,4,6,70,22,1,'','1000-01-01',0.00061746,NULL,NULL,'','',NULL),(534,5,6,70,22,1,'','1000-01-01',1.79156,NULL,NULL,'','',NULL),(535,6,6,70,22,1,'','1000-01-01',0.290149,NULL,NULL,'','',NULL),(536,7,6,70,22,1,'','1000-01-01',-1.55862,NULL,NULL,'','',NULL),(537,12,6,70,22,1,'','1000-01-01',44.373,NULL,NULL,'','',NULL),(538,2,6,70,22,1,'','1000-01-01',22.3475,NULL,NULL,'','',NULL),(539,1,6,70,22,1,'','1000-01-01',0.5623,NULL,NULL,'','',NULL),(540,4,6,51,22,1,'','1000-01-01',0.003659,NULL,NULL,'','',NULL),(541,5,6,51,22,1,'','1000-01-01',33.728,NULL,NULL,'','',NULL),(542,6,6,51,22,1,'','1000-01-01',0.921782,NULL,NULL,'','',NULL),(543,7,6,51,22,1,'','1000-01-01',-0.285,NULL,NULL,'','',NULL),(544,12,6,51,22,1,'','1000-01-01',110,NULL,NULL,'','',NULL),(545,2,6,51,22,1,'','1000-01-01',18.758,NULL,NULL,'','',NULL),(546,1,6,51,22,1,'','1000-01-01',0.33134,NULL,NULL,'','',NULL),(547,4,6,64,22,1,'','1000-01-01',0.00037304,NULL,NULL,'','',NULL),(548,5,6,64,22,1,'','1000-01-01',1.94929,NULL,NULL,'','',NULL),(549,6,6,64,22,1,'','1000-01-01',0.522542,NULL,NULL,'','',NULL),(550,7,6,64,22,1,'','1000-01-01',-1.123,NULL,NULL,'','',NULL),(551,12,6,64,22,1,'','1000-01-01',41.4242,NULL,NULL,'','',NULL),(552,2,6,64,22,1,'','1000-01-01',27.4921,NULL,NULL,'','',NULL),(553,1,6,64,22,1,'','1000-01-01',0.57368,NULL,NULL,'','',NULL),(554,4,6,71,22,1,'','1000-01-01',0.000221065,NULL,NULL,'','',NULL),(555,5,6,71,22,1,'','1000-01-01',0.770691,NULL,NULL,'','',NULL),(556,6,6,71,22,1,'','1000-01-01',0.348626,NULL,NULL,'','',NULL),(557,7,6,71,22,1,'','1000-01-01',-0.370165,NULL,NULL,'','',NULL),(558,12,6,71,22,1,'','1000-01-01',140.766,NULL,NULL,'','',NULL),(559,2,6,71,22,1,'','1000-01-01',31.1007,NULL,NULL,'','',NULL),(560,1,6,71,22,1,'','1000-01-01',0.83324,NULL,NULL,'','',NULL),(561,4,6,72,22,1,'','1000-01-01',0.000496245,NULL,NULL,'','',NULL),(562,5,6,72,22,1,'','1000-01-01',1.05598,NULL,NULL,'','',NULL),(563,6,6,72,22,1,'','1000-01-01',0.212795,NULL,NULL,'','',NULL),(564,7,6,72,22,1,'','1000-01-01',-0.504885,NULL,NULL,'','',NULL),(565,12,6,72,22,1,'','1000-01-01',107.834,NULL,NULL,'','',NULL),(566,2,6,72,22,1,'','1000-01-01',21.9398,NULL,NULL,'','',NULL),(567,1,6,72,22,1,'','1000-01-01',0.555357,NULL,NULL,'','',NULL),(568,4,6,73,22,1,'','1000-01-01',0.00062287,NULL,NULL,'','',NULL),(569,5,6,73,22,1,'','1000-01-01',3.22162,NULL,NULL,'','',NULL),(570,6,6,73,22,1,'','1000-01-01',0.517222,NULL,NULL,'','',NULL),(571,7,6,73,22,1,'','1000-01-01',-0.856556,NULL,NULL,'','',NULL),(572,12,6,73,22,1,'','1000-01-01',90.8733,NULL,NULL,'','',NULL),(573,2,6,73,22,1,'','1000-01-01',25.6911,NULL,NULL,'','',NULL),(574,1,6,73,22,1,'','1000-01-01',0.45916,NULL,NULL,'','',NULL),(575,4,6,74,22,1,'','1000-01-01',0.00258575,NULL,NULL,'','',NULL),(576,5,6,74,22,1,'','1000-01-01',16.9037,NULL,NULL,'','',NULL),(577,6,6,74,22,1,'','1000-01-01',0.653724,NULL,NULL,'','',NULL),(578,7,6,74,22,1,'','1000-01-01',-0.753126,NULL,NULL,'','',NULL),(579,12,6,74,22,1,'','1000-01-01',60.6106,NULL,NULL,'','',NULL),(580,2,6,74,22,1,'','1000-01-01',17.7,NULL,NULL,'','',NULL),(581,1,6,74,22,1,'','1000-01-01',0.33184,NULL,NULL,'','',NULL),(582,4,6,75,22,1,'','1000-01-01',0.00185843,NULL,NULL,'','',NULL),(583,5,6,75,22,1,'','1000-01-01',14.69,NULL,NULL,'','',NULL),(584,6,6,75,22,1,'','1000-01-01',0.790451,NULL,NULL,'','',NULL),(585,7,6,75,22,1,'','1000-01-01',-2.29478,NULL,NULL,'','',NULL),(586,12,6,75,22,1,'','1000-01-01',30.4886,NULL,NULL,'','',NULL),(587,2,6,75,22,1,'','1000-01-01',21.62,NULL,NULL,'','',NULL),(588,1,6,75,22,1,'','1000-01-01',0.24256,NULL,NULL,'','',NULL),(589,4,6,62,22,1,'','1000-01-01',0.00186641,NULL,NULL,'','',NULL),(590,5,6,62,22,1,'','1000-01-01',12.4883,NULL,NULL,'','',NULL),(591,6,6,62,22,1,'','1000-01-01',0.669109,NULL,NULL,'','',NULL),(592,7,6,62,22,1,'','1000-01-01',-1.90032,NULL,NULL,'','',NULL),(593,12,6,62,22,1,'','1000-01-01',46.8769,NULL,NULL,'','',NULL),(594,2,6,62,22,1,'','1000-01-01',23.4668,NULL,NULL,'','',NULL),(595,1,6,62,22,1,'','1000-01-01',0.32576,NULL,NULL,'','',NULL),(596,4,4,47,26,1,'','1000-01-01',0.00293289,NULL,NULL,'','',NULL),(597,5,4,47,26,1,'','1000-01-01',20.328,NULL,NULL,'','',NULL),(598,6,4,47,26,1,'','1000-01-01',0.693105,NULL,NULL,'','',NULL),(599,7,4,47,26,1,'','1000-01-01',-0.565483,NULL,NULL,'','',NULL),(600,12,4,47,26,1,'','1000-01-01',84.413,NULL,NULL,'','',NULL),(601,2,4,47,26,1,'','1000-01-01',15.6652,NULL,NULL,'','',NULL),(602,1,4,47,26,1,'','1000-01-01',0.43558,NULL,NULL,'','',NULL),(603,4,4,76,26,1,'','1000-01-01',0.00172839,NULL,NULL,'','',NULL),(604,5,4,76,26,1,'','1000-01-01',11.8036,NULL,NULL,'','',NULL),(605,6,4,76,26,1,'','1000-01-01',0.682922,NULL,NULL,'','',NULL),(606,7,4,76,26,1,'','1000-01-01',-2.27259,NULL,NULL,'','',NULL),(607,12,4,76,26,1,'','1000-01-01',26.5396,NULL,NULL,'','',NULL),(608,2,4,76,26,1,'','1000-01-01',14.9974,NULL,NULL,'','',NULL),(609,1,4,76,26,1,'','1000-01-01',0.56488,NULL,NULL,'','',NULL),(610,4,4,77,26,1,'','1000-01-01',0.00166,NULL,NULL,'','',NULL),(611,5,4,77,26,1,'','1000-01-01',11.0541,NULL,NULL,'','',NULL),(612,6,4,77,26,1,'','1000-01-01',0.665912,NULL,NULL,'','',NULL),(613,7,4,77,26,1,'','1000-01-01',-1.27805,NULL,NULL,'','',NULL),(614,12,4,77,26,1,'','1000-01-01',34.2128,NULL,NULL,'','',NULL),(615,2,4,77,26,1,'','1000-01-01',14.096,NULL,NULL,'','',NULL),(616,1,4,77,26,1,'','1000-01-01',0.5566,NULL,NULL,'','',NULL),(617,4,4,78,26,1,'','1000-01-01',0.00200297,NULL,NULL,'','',NULL),(618,5,4,78,26,1,'','1000-01-01',13.1123,NULL,NULL,'','',NULL),(619,6,4,78,26,1,'','1000-01-01',0.654643,NULL,NULL,'','',NULL),(620,7,4,78,26,1,'','1000-01-01',-1.16429,NULL,NULL,'','',NULL),(621,12,4,78,26,1,'','1000-01-01',49.6765,NULL,NULL,'','',NULL),(622,2,4,78,26,1,'','1000-01-01',12.0083,NULL,NULL,'','',NULL),(623,1,4,78,26,1,'','1000-01-01',0.52544,NULL,NULL,'','',NULL),(624,4,4,79,26,1,'','1000-01-01',0.00197562,NULL,NULL,'','',NULL),(625,5,4,79,26,1,'','1000-01-01',9.65,NULL,NULL,'','',NULL),(626,6,4,79,26,1,'','1000-01-01',0.488455,NULL,NULL,'','',NULL),(627,7,4,79,26,1,'','1000-01-01',-1.88573,NULL,NULL,'','',NULL),(628,12,4,79,26,1,'','1000-01-01',34.5022,NULL,NULL,'','',NULL),(629,2,4,79,26,1,'','1000-01-01',6.18227,NULL,NULL,'','',NULL),(630,1,4,79,26,1,'','1000-01-01',0.57506,NULL,NULL,'','',NULL),(631,4,4,81,26,1,'','1000-01-01',0.00223016,NULL,NULL,'','',NULL),(632,5,4,81,26,1,'','1000-01-01',13.27,NULL,NULL,'','',NULL),(633,6,4,81,26,1,'','1000-01-01',0.595025,NULL,NULL,'','',NULL),(634,7,4,81,26,1,'','1000-01-01',-1.5,NULL,NULL,'','',NULL),(635,12,4,81,26,1,'','1000-01-01',75.3802,NULL,NULL,'','',NULL),(636,2,4,81,26,1,'','1000-01-01',14.6098,NULL,NULL,'','',NULL),(637,1,4,81,26,1,'','1000-01-01',0.37182,NULL,NULL,'','',NULL),(638,4,4,51,26,1,'','1000-01-01',0.00384944,NULL,NULL,'','',NULL),(639,5,4,51,26,1,'','1000-01-01',33.4139,NULL,NULL,'','',NULL),(640,6,4,51,26,1,'','1000-01-01',0.868022,NULL,NULL,'','',NULL),(641,7,4,51,26,1,'','1000-01-01',-1.4391,NULL,NULL,'','',NULL),(642,12,4,51,26,1,'','1000-01-01',49.0477,NULL,NULL,'','',NULL),(643,2,4,51,26,1,'','1000-01-01',11.048,NULL,NULL,'','',NULL),(644,1,4,51,26,1,'','1000-01-01',0.4315,NULL,NULL,'','',NULL),(645,4,4,82,26,1,'','1000-01-01',0.00386799,NULL,NULL,'','',NULL),(646,5,4,82,26,1,'','1000-01-01',32.45,NULL,NULL,'','',NULL),(647,6,4,82,26,1,'','1000-01-01',0.838938,NULL,NULL,'','',NULL),(648,7,4,82,26,1,'','1000-01-01',-1.25498,NULL,NULL,'','',NULL),(649,12,4,82,26,1,'','1000-01-01',75.8262,NULL,NULL,'','',NULL),(650,2,4,82,26,1,'','1000-01-01',19.8048,NULL,NULL,'','',NULL),(651,1,4,82,26,1,'','1000-01-01',0.29884,NULL,NULL,'','',NULL),(652,4,4,52,26,1,'','1000-01-01',0.000946933,NULL,NULL,'','',NULL),(653,5,4,52,26,1,'','1000-01-01',7.2828,NULL,NULL,'','',NULL),(654,6,4,52,26,1,'','1000-01-01',0.769093,NULL,NULL,'','',NULL),(655,7,4,52,26,1,'','1000-01-01',-1.12468,NULL,NULL,'','',NULL),(656,12,4,52,26,1,'','1000-01-01',45.1461,NULL,NULL,'','',NULL),(657,2,4,52,26,1,'','1000-01-01',14.2432,NULL,NULL,'','',NULL),(658,1,4,52,26,1,'','1000-01-01',0.5038,NULL,NULL,'','',NULL),(659,4,4,53,26,1,'','1000-01-01',0.00222464,NULL,NULL,'','',NULL),(660,5,4,53,26,1,'','1000-01-01',9.9008,NULL,NULL,'','',NULL),(661,6,4,53,26,1,'','1000-01-01',0.445053,NULL,NULL,'','',NULL),(662,7,4,53,26,1,'','1000-01-01',-0.818027,NULL,NULL,'','',NULL),(663,12,4,53,26,1,'','1000-01-01',87.1283,NULL,NULL,'','',NULL),(664,2,4,53,26,1,'','1000-01-01',8.80458,NULL,NULL,'','',NULL),(665,1,4,53,26,1,'','1000-01-01',0.50282,NULL,NULL,'','',NULL),(666,4,4,83,26,1,'','1000-01-01',0.00267188,NULL,NULL,'','',NULL),(667,5,4,83,26,1,'','1000-01-01',16.9162,NULL,NULL,'','',NULL),(668,6,4,83,26,1,'','1000-01-01',0.633119,NULL,NULL,'','',NULL),(669,7,4,83,26,1,'','1000-01-01',-2.1975,NULL,NULL,'','',NULL),(670,12,4,83,26,1,'','1000-01-01',25.7505,NULL,NULL,'','',NULL),(671,2,4,83,26,1,'','1000-01-01',12.9952,NULL,NULL,'','',NULL),(672,1,4,83,26,1,'','1000-01-01',0.42066,NULL,NULL,'','',NULL),(673,8,2,23,20,1,'','1000-01-01',-1.28,NULL,NULL,'','',NULL),(674,2,2,23,20,1,'','1000-01-01',17.05,NULL,NULL,'','',NULL),(675,8,2,23,20,1,'','1000-01-01',-1.94,NULL,NULL,'','',NULL),(676,2,2,23,20,1,'','1000-01-01',17.05,NULL,NULL,'','',NULL),(677,8,2,24,20,1,'','1000-01-01',-0.78,NULL,NULL,'','',NULL),(678,2,2,24,20,1,'','1000-01-01',27.03,NULL,NULL,'','',NULL),(679,8,2,24,20,1,'','1000-01-01',-1.34,NULL,NULL,'','',NULL),(680,2,2,24,20,1,'','1000-01-01',27.03,NULL,NULL,'','',NULL),(681,8,2,35,8,1,'','1000-01-01',-1.17,NULL,NULL,'','',NULL),(682,8,2,10,8,1,'','1000-01-01',-1.57,NULL,NULL,'','',NULL),(683,1,2,10,8,1,'','1000-01-01',0.46,NULL,NULL,'','',NULL),(684,2,2,10,8,1,'','1000-01-01',11.43,NULL,NULL,'','',NULL),(685,8,2,84,8,1,'','1000-01-01',-1.49,NULL,NULL,'','',NULL),(686,1,2,84,8,1,'','1000-01-01',0.36,NULL,NULL,'','',NULL),(687,2,2,84,8,1,'','1000-01-01',13.2,NULL,NULL,'','',NULL),(688,8,2,23,8,1,'','1000-01-01',-2.34,NULL,NULL,'','',NULL),(689,1,2,23,8,1,'','1000-01-01',0.48,NULL,NULL,'','',NULL),(690,2,2,23,8,1,'','1000-01-01',12.86,NULL,NULL,'','',NULL),(691,8,7,42,23,1,'','1000-01-01',-1.3,NULL,NULL,'','',NULL),(692,8,7,43,23,1,'','1000-01-01',-0.85,NULL,NULL,'','',NULL),(693,8,3,85,5,1,'','1000-01-01',-2.07,NULL,NULL,'','',NULL),(694,1,3,85,5,1,'','1000-01-01',0.58,NULL,NULL,'','',NULL),(695,8,3,86,5,1,'','1000-01-01',-1.49,NULL,NULL,'','',NULL),(696,1,3,86,5,1,'','1000-01-01',0.49,NULL,NULL,'','',NULL),(697,8,16,87,27,1,'','1000-01-01',-1.69,NULL,NULL,'','',NULL),(698,2,16,87,27,1,'','1000-01-01',17.49,NULL,NULL,'','',NULL),(699,8,16,87,27,1,'','1000-01-01',-1.79,NULL,NULL,'','',NULL),(700,2,16,87,27,1,'','1000-01-01',19.53,NULL,NULL,'','',NULL),(701,8,16,87,27,1,'','1000-01-01',-1.87,NULL,NULL,'','',NULL),(702,2,16,87,27,1,'','1000-01-01',17.01,NULL,NULL,'','',NULL),(703,8,16,88,27,1,'','1000-01-01',-1.66,NULL,NULL,'','',NULL),(704,1,16,88,27,1,'','1000-01-01',0.67,NULL,NULL,'','',NULL),(705,2,16,88,27,1,'','1000-01-01',19.38,NULL,NULL,'','',NULL),(706,8,16,89,27,1,'','1000-01-01',-1.85,NULL,NULL,'','',NULL),(707,2,16,89,27,1,'','1000-01-01',9.14,NULL,NULL,'','',NULL),(708,8,16,90,27,1,'','1000-01-01',-1.81,NULL,NULL,'','',NULL),(709,2,16,90,27,1,'','1000-01-01',6.76,NULL,NULL,'','',NULL),(710,8,16,90,27,1,'','1000-01-01',-1.57,NULL,NULL,'','',NULL),(711,2,16,90,27,1,'','1000-01-01',7.89,NULL,NULL,'','',NULL),(712,8,16,91,27,1,'','1000-01-01',-1.38,NULL,NULL,'','',NULL),(713,2,16,91,27,1,'','1000-01-01',27.28,NULL,NULL,'','',NULL),(714,8,16,92,27,1,'','1000-01-01',-1.27,NULL,NULL,'','',NULL),(715,2,16,92,27,1,'','1000-01-01',21.6,NULL,NULL,'','',NULL),(716,8,16,92,27,1,'','1000-01-01',-1.83,NULL,NULL,'','',NULL),(717,2,16,92,27,1,'','1000-01-01',9.25,NULL,NULL,'','',NULL),(718,8,16,92,27,1,'','1000-01-01',-1.62,NULL,NULL,'','',NULL),(719,2,16,92,27,1,'','1000-01-01',13.01,NULL,NULL,'','',NULL),(720,8,16,92,27,1,'','1000-01-01',-1.3,NULL,NULL,'','',NULL),(721,2,16,92,27,1,'','1000-01-01',15.99,NULL,NULL,'','',NULL),(722,8,16,92,27,1,'','1000-01-01',-1.73,NULL,NULL,'','',NULL),(723,2,16,92,27,1,'','1000-01-01',13.77,NULL,NULL,'','',NULL),(724,8,16,93,27,1,'','1000-01-01',-1.64,NULL,NULL,'','',NULL),(725,2,16,93,27,1,'','1000-01-01',4.09,NULL,NULL,'','',NULL),(726,8,16,93,27,1,'','1000-01-01',-1.9,NULL,NULL,'','',NULL),(727,2,16,93,27,1,'','1000-01-01',4.4,NULL,NULL,'','',NULL),(728,8,16,94,27,1,'','1000-01-01',-1.68,NULL,NULL,'','',NULL),(729,1,16,94,27,1,'','1000-01-01',0.7,NULL,NULL,'','',NULL),(730,2,16,94,27,1,'','1000-01-01',21.63,NULL,NULL,'','',NULL),(731,8,16,94,27,1,'','1000-01-01',-1.12,NULL,NULL,'','',NULL),(732,1,16,94,27,1,'','1000-01-01',0.7,NULL,NULL,'','',NULL),(733,2,16,94,27,1,'','1000-01-01',13.81,NULL,NULL,'','',NULL),(734,8,16,95,27,1,'','1000-01-01',-1.34,NULL,NULL,'','',NULL),(735,2,16,95,27,1,'','1000-01-01',17.46,NULL,NULL,'','',NULL),(736,8,16,95,27,1,'','1000-01-01',-1.56,NULL,NULL,'','',NULL),(737,2,16,95,27,1,'','1000-01-01',7.96,NULL,NULL,'','',NULL),(738,8,16,96,27,1,'','1000-01-01',-1.55,NULL,NULL,'','',NULL),(739,1,16,96,27,1,'','1000-01-01',0.54,NULL,NULL,'','',NULL),(740,2,16,96,27,1,'','1000-01-01',7.59,NULL,NULL,'','',NULL),(741,8,16,97,27,1,'','1000-01-01',-1.62,NULL,NULL,'','',NULL),(742,2,16,97,27,1,'','1000-01-01',14.8,NULL,NULL,'','',NULL),(743,8,16,97,27,1,'','1000-01-01',-1.46,NULL,NULL,'','',NULL),(744,2,16,97,27,1,'','1000-01-01',15.09,NULL,NULL,'','',NULL),(745,8,16,98,27,1,'','1000-01-01',-1.07,NULL,NULL,'','',NULL),(746,2,16,98,27,1,'','1000-01-01',17.5,NULL,NULL,'','',NULL),(747,8,16,99,27,1,'','1000-01-01',-1.81,NULL,NULL,'','',NULL),(748,2,16,99,27,1,'','1000-01-01',17.5,NULL,NULL,'','',NULL),(749,8,16,100,27,1,'','1000-01-01',-1.44,NULL,NULL,'','',NULL),(750,1,16,100,27,1,'','1000-01-01',0.56,NULL,NULL,'','',NULL),(751,2,16,100,27,1,'','1000-01-01',8.06,NULL,NULL,'','',NULL),(752,8,16,101,27,1,'','1000-01-01',-1.09,NULL,NULL,'','',NULL),(753,2,16,101,27,1,'','1000-01-01',13.75,NULL,NULL,'','',NULL),(754,8,16,102,27,1,'','1000-01-01',-2.15,NULL,NULL,'','',NULL),(755,2,16,102,27,1,'','1000-01-01',10.71,NULL,NULL,'','',NULL),(756,8,16,103,27,1,'','1000-01-01',-1.98,NULL,NULL,'','',NULL),(757,2,16,103,27,1,'','1000-01-01',7.37,NULL,NULL,'','',NULL),(758,8,16,104,27,1,'','1000-01-01',-1.97,NULL,NULL,'','',NULL),(759,2,16,104,27,1,'','1000-01-01',9.89,NULL,NULL,'','',NULL),(760,8,16,105,27,1,'','1000-01-01',-1.53,NULL,NULL,'','',NULL),(761,2,16,105,27,1,'','1000-01-01',11.9,NULL,NULL,'','',NULL),(762,8,16,106,27,1,'','1000-01-01',-1.43,NULL,NULL,'','',NULL),(763,1,16,106,27,1,'','1000-01-01',0.395,NULL,NULL,'','',NULL),(764,2,16,106,27,1,'','1000-01-01',2.51,NULL,NULL,'','',NULL),(765,8,16,107,27,1,'','1000-01-01',-1.72,NULL,NULL,'','',NULL),(766,2,16,107,27,1,'','1000-01-01',8.26,NULL,NULL,'','',NULL),(767,8,16,108,27,1,'','1000-01-01',-1.34,NULL,NULL,'','',NULL),(768,2,16,108,27,1,'','1000-01-01',33.83,NULL,NULL,'','',NULL),(769,8,16,109,27,1,'','1000-01-01',-1.44,NULL,NULL,'','',NULL),(770,2,16,109,27,1,'','1000-01-01',16.56,NULL,NULL,'','',NULL),(771,8,16,110,27,1,'','1000-01-01',-1.85,NULL,NULL,'','',NULL),(772,2,16,110,27,1,'','1000-01-01',20.58,NULL,NULL,'','',NULL),(773,8,16,111,27,1,'','1000-01-01',-1.47,NULL,NULL,'','',NULL),(774,2,16,111,27,1,'','1000-01-01',13,NULL,NULL,'','',NULL),(775,8,16,112,27,1,'','1000-01-01',-1.71,NULL,NULL,'','',NULL),(776,2,16,112,27,1,'','1000-01-01',17.18,NULL,NULL,'','',NULL),(777,8,17,113,28,1,'','1000-01-01',-1.22,NULL,NULL,'','',NULL),(778,1,17,113,28,1,'','1000-01-01',0.2,NULL,NULL,'','',NULL),(779,2,17,113,28,1,'','1000-01-01',14.83,NULL,NULL,'','',NULL),(780,10,17,113,28,1,'','1000-01-01',0.18,NULL,NULL,'','',NULL),(781,8,17,114,28,1,'','1000-01-01',-2.38,NULL,NULL,'','',NULL),(782,1,17,114,28,1,'','1000-01-01',0.57,NULL,NULL,'','',NULL),(783,2,17,114,28,1,'','1000-01-01',18.34,NULL,NULL,'','',NULL),(784,10,17,114,28,1,'','1000-01-01',0.28,NULL,NULL,'','',NULL),(785,8,17,115,28,1,'','1000-01-01',-2.13,NULL,NULL,'','',NULL),(786,1,17,115,28,1,'','1000-01-01',0.55,NULL,NULL,'','',NULL),(787,2,17,115,28,1,'','1000-01-01',30.4,NULL,NULL,'','',NULL),(788,10,17,115,28,1,'','1000-01-01',0.11,NULL,NULL,'','',NULL),(789,8,17,116,28,1,'','1000-01-01',-1.31,NULL,NULL,'','',NULL),(790,1,17,116,28,1,'','1000-01-01',0.5,NULL,NULL,'','',NULL),(791,2,17,116,28,1,'','1000-01-01',39.47,NULL,NULL,'','',NULL),(792,10,17,116,28,1,'','1000-01-01',0.28,NULL,NULL,'','',NULL),(793,8,17,117,28,1,'','1000-01-01',-1.75,NULL,NULL,'','',NULL),(794,1,17,117,28,1,'','1000-01-01',0.39,NULL,NULL,'','',NULL),(795,2,17,117,28,1,'','1000-01-01',21.26,NULL,NULL,'','',NULL),(796,10,17,117,28,1,'','1000-01-01',0.14,NULL,NULL,'','',NULL),(797,8,17,118,28,1,'','1000-01-01',-3.17,NULL,NULL,'','',NULL),(798,1,17,118,28,1,'','1000-01-01',0.5,NULL,NULL,'','',NULL),(799,10,17,118,28,1,'','1000-01-01',0.27,NULL,NULL,'','',NULL),(800,8,17,119,28,1,'','1000-01-01',-2.29,NULL,NULL,'','',NULL),(801,1,17,119,28,1,'','1000-01-01',0.56,NULL,NULL,'','',NULL),(802,2,17,119,28,1,'','1000-01-01',22.28,NULL,NULL,'','',NULL),(803,10,17,119,28,1,'','1000-01-01',0.19,NULL,NULL,'','',NULL),(804,8,2,66,10,1,'','1000-01-01',-1.37,NULL,NULL,'','',NULL),(805,1,2,66,10,1,'','1000-01-01',0.5,NULL,NULL,'','',NULL),(806,2,2,66,10,1,'','1000-01-01',24.5471,NULL,NULL,'','',NULL),(807,8,2,66,10,1,'','1000-01-01',-1.43,NULL,NULL,'','',NULL),(808,1,2,66,10,1,'','1000-01-01',0.5,NULL,NULL,'','',NULL),(809,2,2,66,10,1,'','1000-01-01',24.5471,NULL,NULL,'','',NULL),(810,8,2,34,10,1,'','1000-01-01',-1.55,NULL,NULL,'','',NULL),(811,1,2,34,10,1,'','1000-01-01',0.49,NULL,NULL,'','',NULL),(812,2,2,34,10,1,'','1000-01-01',9.85,NULL,NULL,'','',NULL),(813,8,2,34,10,1,'','1000-01-01',-1.49,NULL,NULL,'','',NULL),(814,1,2,34,10,1,'','1000-01-01',0.49,NULL,NULL,'','',NULL),(815,2,2,34,10,1,'','1000-01-01',9.85,NULL,NULL,'','',NULL),(816,8,2,30,10,1,'','1000-01-01',-1.16,NULL,NULL,'','',NULL),(817,1,2,30,10,1,'','1000-01-01',0.46,NULL,NULL,'','',NULL),(818,2,2,30,10,1,'','1000-01-01',7.43,NULL,NULL,'','',NULL),(819,8,2,30,10,1,'','1000-01-01',-1.42,NULL,NULL,'','',NULL),(820,1,2,30,10,1,'','1000-01-01',0.46,NULL,NULL,'','',NULL),(821,2,2,30,10,1,'','1000-01-01',7.43,NULL,NULL,'','',NULL),(822,9,3,120,3,1,'','1000-01-01',-1.29,NULL,NULL,'','',NULL),(823,1,3,120,3,1,'','1000-01-01',0.41,NULL,NULL,'','',NULL),(824,2,3,120,3,1,'','1000-01-01',14.8,NULL,NULL,'','',NULL),(825,11,3,120,3,1,'','1000-01-01',589.57,NULL,NULL,'','',NULL),(826,9,3,2,3,1,'','1000-01-01',-2.04,NULL,NULL,'','',NULL),(827,1,3,2,3,1,'','1000-01-01',0.54,NULL,NULL,'','',NULL),(828,2,3,2,3,1,'','1000-01-01',15.9,NULL,NULL,'','',NULL),(829,11,3,2,3,1,'','1000-01-01',215.96,NULL,NULL,'','',NULL),(830,9,3,49,3,1,'','1000-01-01',-1.96,NULL,NULL,'','',NULL),(831,1,3,49,3,1,'','1000-01-01',0.4,NULL,NULL,'','',NULL),(832,2,3,49,3,1,'','1000-01-01',13.7,NULL,NULL,'','',NULL),(833,11,3,49,3,1,'','1000-01-01',133.72,NULL,NULL,'','',NULL),(834,9,3,121,3,1,'','1000-01-01',-1.13,NULL,NULL,'','',NULL),(835,1,3,121,3,1,'','1000-01-01',0.65,NULL,NULL,'','',NULL),(836,2,3,121,3,1,'','1000-01-01',10.5,NULL,NULL,'','',NULL),(837,11,3,121,3,1,'','1000-01-01',503.96,NULL,NULL,'','',NULL),(838,9,3,122,3,1,'','1000-01-01',-1.63,NULL,NULL,'','',NULL),(839,1,3,122,3,1,'','1000-01-01',0.22,NULL,NULL,'','',NULL),(840,2,3,122,3,1,'','1000-01-01',21.2,NULL,NULL,'','',NULL),(841,11,3,122,3,1,'','1000-01-01',459.13,NULL,NULL,'','',NULL),(842,9,3,65,3,1,'','1000-01-01',-2.24,NULL,NULL,'','',NULL),(843,1,3,65,3,1,'','1000-01-01',0.33,NULL,NULL,'','',NULL),(844,2,3,65,3,1,'','1000-01-01',12.9,NULL,NULL,'','',NULL),(845,11,3,65,3,1,'','1000-01-01',209.33,NULL,NULL,'','',NULL),(846,3,3,140,33,1,'','1000-01-01',15.69,NULL,NULL,'','',NULL),(847,13,3,140,33,1,'','1000-01-01',53.78,NULL,NULL,'','',NULL),(848,14,3,140,33,1,'','1000-01-01',71.76,NULL,NULL,'','',NULL),(849,2,3,140,33,1,'','1000-01-01',19.044,NULL,NULL,'','',NULL),(850,15,3,140,33,1,'','1000-01-01',34.9,NULL,NULL,'','',NULL),(851,17,3,140,33,1,'','1000-01-01',2.24,NULL,NULL,'','',NULL),(852,16,3,140,33,1,'','1000-01-01',432.1,NULL,NULL,'','',NULL),(853,3,3,140,33,1,'','1000-01-01',26.7,NULL,NULL,'','',NULL),(854,13,3,140,33,1,'','1000-01-01',49.22,NULL,NULL,'','',NULL),(855,14,3,140,33,1,'','1000-01-01',76.67,NULL,NULL,'','',NULL),(856,2,3,140,33,1,'','1000-01-01',18.2983,NULL,NULL,'','',NULL),(857,15,3,140,33,1,'','1000-01-01',41.82,NULL,NULL,'','',NULL),(858,17,3,140,33,1,'','1000-01-01',2.52,NULL,NULL,'','',NULL),(859,16,3,140,33,1,'','1000-01-01',428.1,NULL,NULL,'','',NULL),(860,3,3,141,33,1,'','1000-01-01',12.59,NULL,NULL,'','',NULL),(861,14,3,141,33,1,'','1000-01-01',65.01,NULL,NULL,'','',NULL),(862,2,3,141,33,1,'','1000-01-01',15.6568,NULL,NULL,'','',NULL),(863,15,3,141,33,1,'','1000-01-01',38.1,NULL,NULL,'','',NULL),(864,17,3,141,33,1,'','1000-01-01',2.01,NULL,NULL,'','',NULL),(865,16,3,141,33,1,'','1000-01-01',461.8,NULL,NULL,'','',NULL),(866,3,3,141,33,1,'','1000-01-01',16.59,NULL,NULL,'','',NULL),(867,13,3,141,33,1,'','1000-01-01',40.18,NULL,NULL,'','',NULL),(868,14,3,141,33,1,'','1000-01-01',59.97,NULL,NULL,'','',NULL),(869,2,3,141,33,1,'','1000-01-01',15.5982,NULL,NULL,'','',NULL),(870,15,3,141,33,1,'','1000-01-01',38.8,NULL,NULL,'','',NULL),(871,17,3,141,33,1,'','1000-01-01',1.82,NULL,NULL,'','',NULL),(872,16,3,141,33,1,'','1000-01-01',466.8,NULL,NULL,'','',NULL),(873,3,3,142,33,1,'','1000-01-01',19.34,NULL,NULL,'','',NULL),(874,1,3,142,33,1,'','1000-01-01',0.223,NULL,NULL,'','',NULL),(875,14,3,142,33,1,'','1000-01-01',107.61,NULL,NULL,'','',NULL),(876,2,3,142,33,1,'','1000-01-01',18.3016,NULL,NULL,'','',NULL),(877,15,3,142,33,1,'','1000-01-01',33,NULL,NULL,'','',NULL),(878,17,3,142,33,1,'','1000-01-01',3.05,NULL,NULL,'','',NULL),(879,16,3,142,33,1,'','1000-01-01',424.4,NULL,NULL,'','',NULL),(880,3,3,142,33,1,'','1000-01-01',19.87,NULL,NULL,'','',NULL),(881,1,3,142,33,1,'','1000-01-01',0.223,NULL,NULL,'','',NULL),(882,2,3,142,33,1,'','1000-01-01',18.5426,NULL,NULL,'','',NULL),(883,15,3,142,33,1,'','1000-01-01',29.1,NULL,NULL,'','',NULL),(884,17,3,142,33,1,'','1000-01-01',1.68,NULL,NULL,'','',NULL),(885,16,3,142,33,1,'','1000-01-01',411.6,NULL,NULL,'','',NULL),(886,3,3,143,33,1,'','1000-01-01',18.06,NULL,NULL,'','',NULL),(887,1,3,143,33,1,'','1000-01-01',0.393,NULL,NULL,'','',NULL),(888,13,3,143,33,1,'','1000-01-01',43.72,NULL,NULL,'','',NULL),(889,14,3,143,33,1,'','1000-01-01',76.19,NULL,NULL,'','',NULL),(890,2,3,143,33,1,'','1000-01-01',14.4781,NULL,NULL,'','',NULL),(891,15,3,143,33,1,'','1000-01-01',22.3,NULL,NULL,'','',NULL),(892,17,3,143,33,1,'','1000-01-01',1.59,NULL,NULL,'','',NULL),(893,16,3,143,33,1,'','1000-01-01',454.1,NULL,NULL,'','',NULL),(894,3,3,143,33,1,'','1000-01-01',11.28,NULL,NULL,'','',NULL),(895,1,3,143,33,1,'','1000-01-01',0.393,NULL,NULL,'','',NULL),(896,13,3,143,33,1,'','1000-01-01',31.33,NULL,NULL,'','',NULL),(897,14,3,143,33,1,'','1000-01-01',52.43,NULL,NULL,'','',NULL),(898,2,3,143,33,1,'','1000-01-01',15.5424,NULL,NULL,'','',NULL),(899,15,3,143,33,1,'','1000-01-01',20,NULL,NULL,'','',NULL),(900,17,3,143,33,1,'','1000-01-01',1.57,NULL,NULL,'','',NULL),(901,16,3,143,33,1,'','1000-01-01',459.7,NULL,NULL,'','',NULL),(902,3,3,144,33,1,'','1000-01-01',8.82,NULL,NULL,'','',NULL),(903,13,3,144,33,1,'','1000-01-01',22.49,NULL,NULL,'','',NULL),(904,14,3,144,33,1,'','1000-01-01',40.1,NULL,NULL,'','',NULL),(905,2,3,144,33,1,'','1000-01-01',18.622,NULL,NULL,'','',NULL),(906,15,3,144,33,1,'','1000-01-01',22.9,NULL,NULL,'','',NULL),(907,17,3,144,33,1,'','1000-01-01',1.54,NULL,NULL,'','',NULL),(908,16,3,144,33,1,'','1000-01-01',457.7,NULL,NULL,'','',NULL),(909,3,3,145,33,1,'','1000-01-01',19.61,NULL,NULL,'','',NULL),(910,13,3,145,33,1,'','1000-01-01',53.52,NULL,NULL,'','',NULL),(911,14,3,145,33,1,'','1000-01-01',77.15,NULL,NULL,'','',NULL),(912,2,3,145,33,1,'','1000-01-01',10.7021,NULL,NULL,'','',NULL),(913,15,3,145,33,1,'','1000-01-01',24,NULL,NULL,'','',NULL),(914,17,3,145,33,1,'','1000-01-01',1.45,NULL,NULL,'','',NULL),(915,16,3,145,33,1,'','1000-01-01',399.8,NULL,NULL,'','',NULL),(916,3,3,146,33,1,'','1000-01-01',11.32,NULL,NULL,'','',NULL),(917,13,3,146,33,1,'','1000-01-01',35.42,NULL,NULL,'','',NULL),(918,14,3,146,33,1,'','1000-01-01',56.83,NULL,NULL,'','',NULL),(919,2,3,146,33,1,'','1000-01-01',14.4781,NULL,NULL,'','',NULL),(920,15,3,146,33,1,'','1000-01-01',23,NULL,NULL,'','',NULL),(921,17,3,146,33,1,'','1000-01-01',1.41,NULL,NULL,'','',NULL),(922,16,3,146,33,1,'','1000-01-01',450.3,NULL,NULL,'','',NULL),(923,3,3,143,33,1,'','1000-01-01',14.6,NULL,NULL,'','',NULL),(924,1,3,143,33,1,'','1000-01-01',0.393,NULL,NULL,'','',NULL),(925,13,3,143,33,1,'','1000-01-01',52.96,NULL,NULL,'','',NULL),(926,14,3,143,33,1,'','1000-01-01',63.03,NULL,NULL,'','',NULL),(927,2,3,143,33,1,'','1000-01-01',13.5062,NULL,NULL,'','',NULL),(928,15,3,143,33,1,'','1000-01-01',24.9,NULL,NULL,'','',NULL),(929,17,3,143,33,1,'','1000-01-01',1.5,NULL,NULL,'','',NULL),(930,16,3,143,33,1,'','1000-01-01',414.9,NULL,NULL,'','',NULL),(931,3,3,147,33,1,'','1000-01-01',11.9,NULL,NULL,'','',NULL),(932,13,3,147,33,1,'','1000-01-01',33.34,NULL,NULL,'','',NULL),(933,14,3,147,33,1,'','1000-01-01',55.64,NULL,NULL,'','',NULL),(934,2,3,147,33,1,'','1000-01-01',13.3351,NULL,NULL,'','',NULL),(935,15,3,147,33,1,'','1000-01-01',18.8,NULL,NULL,'','',NULL),(936,17,3,147,33,1,'','1000-01-01',1.05,NULL,NULL,'','',NULL),(937,16,3,147,33,1,'','1000-01-01',467.9,NULL,NULL,'','',NULL),(938,3,3,144,33,1,'','1000-01-01',18.35,NULL,NULL,'','',NULL),(939,13,3,144,33,1,'','1000-01-01',40.8,NULL,NULL,'','',NULL),(940,14,3,144,33,1,'','1000-01-01',67.94,NULL,NULL,'','',NULL),(941,2,3,144,33,1,'','1000-01-01',10.0654,NULL,NULL,'','',NULL),(942,15,3,144,33,1,'','1000-01-01',31.4,NULL,NULL,'','',NULL),(943,17,3,144,33,1,'','1000-01-01',1.44,NULL,NULL,'','',NULL),(944,16,3,144,33,1,'','1000-01-01',467.4,NULL,NULL,'','',NULL),(945,3,3,144,33,1,'','1000-01-01',21.11,NULL,NULL,'','',NULL),(946,13,3,144,33,1,'','1000-01-01',46.07,NULL,NULL,'','',NULL),(947,14,3,144,33,1,'','1000-01-01',81.41,NULL,NULL,'','',NULL),(948,2,3,144,33,1,'','1000-01-01',18.4604,NULL,NULL,'','',NULL),(949,15,3,144,33,1,'','1000-01-01',32.9,NULL,NULL,'','',NULL),(950,17,3,144,33,1,'','1000-01-01',2.03,NULL,NULL,'','',NULL),(951,16,3,144,33,1,'','1000-01-01',471,NULL,NULL,'','',NULL),(952,3,3,148,33,1,'','1000-01-01',20.81,NULL,NULL,'','',NULL),(953,1,3,148,33,1,'','1000-01-01',0.777,NULL,NULL,'','',NULL),(954,13,3,148,33,1,'','1000-01-01',50.2,NULL,NULL,'','',NULL),(955,14,3,148,33,1,'','1000-01-01',78.61,NULL,NULL,'','',NULL),(956,2,3,148,33,1,'','1000-01-01',8.371,NULL,NULL,'','',NULL),(957,15,3,148,33,1,'','1000-01-01',18.7,NULL,NULL,'','',NULL),(958,17,3,148,33,1,'','1000-01-01',1.05,NULL,NULL,'','',NULL),(959,16,3,148,33,1,'','1000-01-01',462.3,NULL,NULL,'','',NULL),(960,1,3,149,33,1,'','1000-01-01',0.476,NULL,NULL,'','',NULL),(961,2,3,149,33,1,'','1000-01-01',19.6618,NULL,NULL,'','',NULL),(962,15,3,149,33,1,'','1000-01-01',36.9,NULL,NULL,'','',NULL),(963,17,3,149,33,1,'','1000-01-01',1.74,NULL,NULL,'','',NULL),(964,16,3,149,33,1,'','1000-01-01',459.3,NULL,NULL,'','',NULL),(965,1,3,149,33,1,'','1000-01-01',0.476,NULL,NULL,'','',NULL),(966,2,3,149,33,1,'','1000-01-01',15.2602,NULL,NULL,'','',NULL),(967,15,3,149,33,1,'','1000-01-01',32.6,NULL,NULL,'','',NULL),(968,17,3,149,33,1,'','1000-01-01',1.75,NULL,NULL,'','',NULL),(969,16,3,149,33,1,'','1000-01-01',461.5,NULL,NULL,'','',NULL),(970,3,3,144,33,1,'','1000-01-01',10.05,NULL,NULL,'','',NULL),(971,13,3,144,33,1,'','1000-01-01',29.62,NULL,NULL,'','',NULL),(972,14,3,144,33,1,'','1000-01-01',45.76,NULL,NULL,'','',NULL),(973,2,3,144,33,1,'','1000-01-01',16.9779,NULL,NULL,'','',NULL),(974,15,3,144,33,1,'','1000-01-01',14.9,NULL,NULL,'','',NULL),(975,17,3,144,33,1,'','1000-01-01',0.71,NULL,NULL,'','',NULL),(976,16,3,144,33,1,'','1000-01-01',370.8,NULL,NULL,'','',NULL),(977,2,3,147,33,1,'','1000-01-01',9.01388,NULL,NULL,'','',NULL),(978,15,3,147,33,1,'','1000-01-01',13.5,NULL,NULL,'','',NULL),(979,17,3,147,33,1,'','1000-01-01',0.88,NULL,NULL,'','',NULL),(980,16,3,147,33,1,'','1000-01-01',419.6,NULL,NULL,'','',NULL),(981,3,3,144,33,1,'','1000-01-01',12.19,NULL,NULL,'','',NULL),(982,13,3,144,33,1,'','1000-01-01',41.91,NULL,NULL,'','',NULL),(983,14,3,144,33,1,'','1000-01-01',67.77,NULL,NULL,'','',NULL),(984,2,3,144,33,1,'','1000-01-01',14.5264,NULL,NULL,'','',NULL),(985,15,3,144,33,1,'','1000-01-01',25.9,NULL,NULL,'','',NULL),(986,17,3,144,33,1,'','1000-01-01',1.29,NULL,NULL,'','',NULL),(987,16,3,144,33,1,'','1000-01-01',443.1,NULL,NULL,'','',NULL),(988,3,3,144,33,1,'','1000-01-01',19.12,NULL,NULL,'','',NULL),(989,13,3,144,33,1,'','1000-01-01',28.99,NULL,NULL,'','',NULL),(990,14,3,144,33,1,'','1000-01-01',48.41,NULL,NULL,'','',NULL),(991,2,3,144,33,1,'','1000-01-01',9.1701,NULL,NULL,'','',NULL),(992,15,3,144,33,1,'','1000-01-01',17.6,NULL,NULL,'','',NULL),(993,17,3,144,33,1,'','1000-01-01',0.86,NULL,NULL,'','',NULL),(994,16,3,144,33,1,'','1000-01-01',419.3,NULL,NULL,'','',NULL),(995,2,3,144,33,1,'','1000-01-01',21.245,NULL,NULL,'','',NULL),(996,15,3,144,33,1,'','1000-01-01',32,NULL,NULL,'','',NULL),(997,17,3,144,33,1,'','1000-01-01',2.32,NULL,NULL,'','',NULL),(998,16,3,144,33,1,'','1000-01-01',468.3,NULL,NULL,'','',NULL),(999,3,3,144,33,1,'','1000-01-01',15.58,NULL,NULL,'','',NULL),(1000,13,3,144,33,1,'','1000-01-01',47.34,NULL,NULL,'','',NULL),(1001,14,3,144,33,1,'','1000-01-01',70.76,NULL,NULL,'','',NULL),(1002,2,3,144,33,1,'','1000-01-01',20.9293,NULL,NULL,'','',NULL),(1003,15,3,144,33,1,'','1000-01-01',33.9,NULL,NULL,'','',NULL),(1004,17,3,144,33,1,'','1000-01-01',1.81,NULL,NULL,'','',NULL),(1005,16,3,144,33,1,'','1000-01-01',443.7,NULL,NULL,'','',NULL),(1006,2,3,147,33,1,'','1000-01-01',20.4207,NULL,NULL,'','',NULL),(1007,15,3,147,33,1,'','1000-01-01',24.9,NULL,NULL,'','',NULL),(1008,17,3,147,33,1,'','1000-01-01',3.07,NULL,NULL,'','',NULL),(1009,16,3,147,33,1,'','1000-01-01',458.1,NULL,NULL,'','',NULL),(1010,3,3,149,33,1,'','1000-01-01',18.79,NULL,NULL,'','',NULL),(1011,1,3,149,33,1,'','1000-01-01',0.476,NULL,NULL,'','',NULL),(1012,13,3,149,33,1,'','1000-01-01',42.97,NULL,NULL,'','',NULL),(1013,14,3,149,33,1,'','1000-01-01',66.97,NULL,NULL,'','',NULL),(1014,2,3,149,33,1,'','1000-01-01',15.7159,NULL,NULL,'','',NULL),(1015,15,3,149,33,1,'','1000-01-01',27.5,NULL,NULL,'','',NULL),(1016,17,3,149,33,1,'','1000-01-01',1.32,NULL,NULL,'','',NULL),(1017,16,3,149,33,1,'','1000-01-01',465.7,NULL,NULL,'','',NULL),(1018,2,3,144,33,1,'','1000-01-01',16.3212,NULL,NULL,'','',NULL),(1019,15,3,144,33,1,'','1000-01-01',34,NULL,NULL,'','',NULL),(1020,17,3,144,33,1,'','1000-01-01',1.75,NULL,NULL,'','',NULL),(1021,16,3,144,33,1,'','1000-01-01',469.9,NULL,NULL,'','',NULL),(1022,3,3,144,33,1,'','1000-01-01',18.62,NULL,NULL,'','',NULL),(1023,13,3,144,33,1,'','1000-01-01',35.68,NULL,NULL,'','',NULL),(1024,14,3,144,33,1,'','1000-01-01',59.57,NULL,NULL,'','',NULL),(1025,2,3,144,33,1,'','1000-01-01',23.3536,NULL,NULL,'','',NULL),(1026,15,3,144,33,1,'','1000-01-01',22.9,NULL,NULL,'','',NULL),(1027,17,3,144,33,1,'','1000-01-01',1.98,NULL,NULL,'','',NULL),(1028,16,3,144,33,1,'','1000-01-01',451.3,NULL,NULL,'','',NULL),(1029,3,3,150,33,1,'','1000-01-01',23.65,NULL,NULL,'','',NULL),(1030,2,3,150,33,1,'','1000-01-01',26.9251,NULL,NULL,'','',NULL),(1031,15,3,150,33,1,'','1000-01-01',27.6,NULL,NULL,'','',NULL),(1032,17,3,150,33,1,'','1000-01-01',1.93,NULL,NULL,'','',NULL),(1033,16,3,150,33,1,'','1000-01-01',446,NULL,NULL,'','',NULL),(1034,3,3,144,33,1,'','1000-01-01',23.78,NULL,NULL,'','',NULL),(1035,13,3,144,33,1,'','1000-01-01',51.9,NULL,NULL,'','',NULL),(1036,14,3,144,33,1,'','1000-01-01',90.88,NULL,NULL,'','',NULL),(1037,2,3,144,33,1,'','1000-01-01',15.3728,NULL,NULL,'','',NULL),(1038,15,3,144,33,1,'','1000-01-01',32.1,NULL,NULL,'','',NULL),(1039,17,3,144,33,1,'','1000-01-01',1.91,NULL,NULL,'','',NULL),(1040,16,3,144,33,1,'','1000-01-01',467.2,NULL,NULL,'','',NULL),(1041,3,3,144,33,1,'','1000-01-01',19.2,NULL,NULL,'','',NULL),(1042,13,3,144,33,1,'','1000-01-01',53.18,NULL,NULL,'','',NULL),(1043,14,3,144,33,1,'','1000-01-01',80.43,NULL,NULL,'','',NULL),(1044,2,3,144,33,1,'','1000-01-01',22.3664,NULL,NULL,'','',NULL),(1045,15,3,144,33,1,'','1000-01-01',35.1,NULL,NULL,'','',NULL),(1046,17,3,144,33,1,'','1000-01-01',2.15,NULL,NULL,'','',NULL),(1047,16,3,144,33,1,'','1000-01-01',465.8,NULL,NULL,'','',NULL),(1048,2,3,144,33,1,'','1000-01-01',35.524,NULL,NULL,'','',NULL),(1049,15,3,144,33,1,'','1000-01-01',49.8,NULL,NULL,'','',NULL),(1050,17,3,144,33,1,'','1000-01-01',2.87,NULL,NULL,'','',NULL),(1051,16,3,144,33,1,'','1000-01-01',424.9,NULL,NULL,'','',NULL),(1052,3,3,149,33,1,'','1000-01-01',6.47,NULL,NULL,'','',NULL),(1053,1,3,149,33,1,'','1000-01-01',0.476,NULL,NULL,'','',NULL),(1054,13,3,149,33,1,'','1000-01-01',73.29,NULL,NULL,'','',NULL),(1055,14,3,149,33,1,'','1000-01-01',105.9,NULL,NULL,'','',NULL),(1056,2,3,149,33,1,'','1000-01-01',12.0091,NULL,NULL,'','',NULL),(1057,15,3,149,33,1,'','1000-01-01',27.9,NULL,NULL,'','',NULL),(1058,17,3,149,33,1,'','1000-01-01',1.57,NULL,NULL,'','',NULL),(1059,16,3,149,33,1,'','1000-01-01',466.6,NULL,NULL,'','',NULL),(1060,3,3,149,33,1,'','1000-01-01',10.81,NULL,NULL,'','',NULL),(1061,1,3,149,33,1,'','1000-01-01',0.476,NULL,NULL,'','',NULL),(1062,13,3,149,33,1,'','1000-01-01',51.17,NULL,NULL,'','',NULL),(1063,14,3,149,33,1,'','1000-01-01',74.75,NULL,NULL,'','',NULL),(1064,2,3,149,33,1,'','1000-01-01',13.5925,NULL,NULL,'','',NULL),(1065,15,3,149,33,1,'','1000-01-01',26.4,NULL,NULL,'','',NULL),(1066,17,3,149,33,1,'','1000-01-01',1.75,NULL,NULL,'','',NULL),(1067,16,3,149,33,1,'','1000-01-01',455.3,NULL,NULL,'','',NULL),(1068,18,12,146,34,1,'','1000-01-01',2.14333,21,NULL,'','',NULL),(1069,2,12,146,34,1,'','1000-01-01',15.6157,21,NULL,'','',NULL),(1070,18,12,151,34,1,'','1000-01-01',2.38667,15,NULL,'','',NULL),(1071,2,12,151,34,1,'','1000-01-01',16.95,15,NULL,'','',NULL),(1072,18,12,152,34,1,'','1000-01-01',2.94156,45,NULL,'','',NULL),(1073,2,12,152,34,1,'','1000-01-01',13.9332,45,NULL,'','',NULL),(1074,18,12,153,34,1,'','1000-01-01',2.67808,26,NULL,'','',NULL),(1075,2,12,153,34,1,'','1000-01-01',19.6315,26,NULL,'','',NULL),(1076,18,12,154,34,1,'','1000-01-01',2.752,25,NULL,'','',NULL),(1077,2,12,154,34,1,'','1000-01-01',14.9696,25,NULL,'','',NULL),(1078,18,12,149,34,1,'','1000-01-01',2.3,20,NULL,'','',NULL),(1079,2,12,149,34,1,'','1000-01-01',21.64,20,NULL,'','',NULL),(1080,18,12,142,34,1,'','1000-01-01',1.935,16,NULL,'','',NULL),(1081,2,12,142,34,1,'','1000-01-01',16.1912,16,NULL,'','',NULL),(1082,18,12,155,34,1,'','1000-01-01',2.59,15,NULL,'','',NULL),(1083,2,12,155,34,1,'','1000-01-01',13.6113,15,NULL,'','',NULL),(1084,18,12,156,34,1,'','1000-01-01',2.37,15,NULL,'','',NULL),(1085,2,12,156,34,1,'','1000-01-01',16.2983,15,NULL,'','',NULL),(1086,18,12,157,34,1,'','1000-01-01',2.53333,15,NULL,'','',NULL),(1087,2,12,157,34,1,'','1000-01-01',9.07667,15,NULL,'','',NULL),(1088,18,12,158,34,1,'','1000-01-01',2.55938,16,NULL,'','',NULL),(1089,2,12,158,34,1,'','1000-01-01',13.8962,16,NULL,'','',NULL),(1090,18,12,159,34,1,'','1000-01-01',2.5575,20,NULL,'','',NULL),(1091,2,12,159,34,1,'','1000-01-01',14.205,20,NULL,'','',NULL),(1092,18,12,160,34,1,'','1000-01-01',2.44238,21,NULL,'','',NULL),(1093,2,12,160,34,1,'','1000-01-01',15.021,21,NULL,'','',NULL),(1094,18,12,161,34,1,'','1000-01-01',2.21767,43,NULL,'','',NULL),(1095,2,12,161,34,1,'','1000-01-01',17.3028,43,NULL,'','',NULL);
/*!40000 ALTER TABLE `traits` ENABLE KEYS */;
UNLOCK TABLES;

--
-- Table structure for table `treatment`
--

DROP TABLE IF EXISTS `treatment`;
/*!40101 SET @saved_cs_client     = @@character_set_client */;
/*!50503 SET character_set_client = utf8mb4 */;
CREATE TABLE `treatment` (
  `id` int DEFAULT NULL,
  `name` varchar(200) DEFAULT NULL,
  `description` varchar(200) DEFAULT NULL,
  `control` enum('yes','no') DEFAULT NULL,
  `notes` longtext
) ENGINE=InnoDB DEFAULT CHARSET=utf8mb4 COLLATE=utf8mb4_0900_ai_ci;
/*!40101 SET character_set_client = @saved_cs_client */;

--
-- Dumping data for table `treatment`
--

LOCK TABLES `treatment` WRITE;
/*!40000 ALTER TABLE `treatment` DISABLE KEYS */;
INSERT INTO `treatment` VALUES (1,'observational','Control plots','yes','NULL'),(2,'liana removal','Removal plots','no','NULL');
/*!40000 ALTER TABLE `treatment` ENABLE KEYS */;
UNLOCK TABLES;

--
-- Table structure for table `variables`
--

DROP TABLE IF EXISTS `variables`;
/*!40101 SET @saved_cs_client     = @@character_set_client */;
/*!50503 SET character_set_client = utf8mb4 */;
CREATE TABLE `variables` (
  `id` int DEFAULT NULL,
  `name` varchar(200) DEFAULT NULL,
  `description` varchar(200) DEFAULT NULL,
  `units` varchar(200) DEFAULT NULL,
  `notes` longtext
) ENGINE=InnoDB DEFAULT CHARSET=utf8mb4 COLLATE=utf8mb4_0900_ai_ci;
/*!40101 SET character_set_client = @saved_cs_client */;

--
-- Dumping data for table `variables`
--

LOCK TABLES `variables` WRITE;
/*!40000 ALTER TABLE `variables` DISABLE KEYS */;
INSERT INTO `variables` VALUES (1,'WD','Wood density','g cm-3','NULL'),(2,'SLA','Specific leaf area','m2 kg-1','NULL'),(3,'Aarea','Area-based CO2 assimilation','mmol m2 s-1','NULL'),(4,'kl','Maximum hydraulic conductivity of the stem per unit leaf area','kg m-1 s-1 MPa-1','NULL'),(5,'ks','Maximum hydraulic conductivity of the stem per unit sapwood area','kg m-1 s-1 MPa-1','NULL'),(6,'Al.As','Leaf to sapwood ratio','m2 cm-2','NULL'),(7,'P50','Water potential at which 50% of the wood conductivity is lost','MPa','NULL'),(8,'Ptlp_leaf','Leaf turgor loss point','MPa','NULL'),(9,'Ptlp_wood','Wood turgor loss point','MPa','NULL'),(10,'Cft_leaf','Leaf hydraulic capacitance','kg m-3 MPa-1','NULL'),(11,'Cft_wood','Wood hydraulic capacitance','kg kg-1 MPa-1','NULL'),(12,'ax','Slope of the vulnerability curve','% MPa-1','NULL'),(13,'Vcmax25','Maximum rate of rubisco carboxylase at 25°C','µmol m-2 s-1','NULL'),(14,'Jmax25','Maximum rate of photosynthetic electron transport at 25°C','µmol m-2 s-1','NULL'),(15,'Nmass','Leaf nitrogen content','mg/g','NULL'),(16,'Cmass','Leaf carbon content','mg/g','NULL'),(17,'Pmass','Leaf phosphorus content','mg/g','NULL'),(18,'Q10','Proportional increase with 10 °C warming','-','');
/*!40000 ALTER TABLE `variables` ENABLE KEYS */;
UNLOCK TABLES;
/*!40103 SET TIME_ZONE=@OLD_TIME_ZONE */;

/*!40101 SET SQL_MODE=@OLD_SQL_MODE */;
/*!40014 SET FOREIGN_KEY_CHECKS=@OLD_FOREIGN_KEY_CHECKS */;
/*!40014 SET UNIQUE_CHECKS=@OLD_UNIQUE_CHECKS */;
/*!40101 SET CHARACTER_SET_CLIENT=@OLD_CHARACTER_SET_CLIENT */;
/*!40101 SET CHARACTER_SET_RESULTS=@OLD_CHARACTER_SET_RESULTS */;
/*!40101 SET COLLATION_CONNECTION=@OLD_COLLATION_CONNECTION */;
/*!40111 SET SQL_NOTES=@OLD_SQL_NOTES */;

-- Dump completed on 2024-04-24 11:04:09
